Track_ID,Track,Duration_ms,Album_ID
0,Feel Good Inc.,222640,0
1,Rhinestone Eyes,200173,1
2,New Gold (feat. Tame Impala and Bootie Brown),215150,2
3,On Melancholy Hill,233867,1
4,Clint Eastwood,340920,3
5,DARE,245000,0
6,New Gold (feat. Tame Impala and Bootie Brown) - Dom Dolla Remix,274142,4
7,She's My Collar (feat. Kali Uchis),209560,5
8,Cracker Island (feat. Thundercat),213750,6
9,Dirty Harry,230426,0
10,Californication,329733,7
11,Under the Bridge,264307,8
12,Can't Stop,269000,9
13,Scar Tissue,215907,7
14,Otherside,255373,7
15,Snow (Hey Oh),334667,10
16,Dani California,282160,10
17,By the Way,216933,9
18,Give It Away,282907,8
19,Dark Necessities,302000,11
20,In Da Club,193467,12
21,Candy Shop,209107,13
22,Just A Lil Bit,237707,13
23,P.I.M.P.,249467,12
24,Many Men (Wish Death),256227,12
25,Disco Inferno,214227,13
26,21 Questions,224427,12
27,Is This Love ('09) (feat. 50 Cent),212013,14
28,If I Can't,196640,12
29,Best Friend - Remix,254493,15
30,Enter Sandman (Remastered),331560,16
31,Nothing Else Matters (Remastered),388733,16
32,Master of Puppets (Remastered),515387,17
33,Whiskey In The Jar,304893,18
34,The Unforgiven (Remastered),387160,16
35,One (Remastered),446146,19
36,For Whom The Bell Tolls (Remastered),309973,20
37,Lux Ã†terna,205680,21
38,Sad But True (Remastered),324600,16
39,Screaming Suicide,330453,22
40,Yellow,266773,23
41,Viva La Vida,242373,24
42,Sparks,227093,23
43,Something Just Like This,247160,25
44,The Scientist,309600,26
45,A Sky Full of Stars,267867,27
46,Paradise,278719,28
47,Hymn for the Weekend,258267,29
48,My Universe,226198,30
49,Fix You,295533,31
50,Get Lucky (feat. Pharrell Williams & Nile Rodgers) - Radio Edit,248413,32
51,One More Time,320357,33
52,Instant Crush (feat. Julian Casablancas),337560,34
53,Get Lucky (feat. Pharrell Williams & Nile Rodgers),369627,34
54,Around the World,429533,35
55,"Harder, Better, Faster, Stronger",224693,33
56,Something About Us,232667,33
57,Lose Yourself to Dance (feat. Pharrell Williams),353893,34
58,Veridis Quo,345187,33
59,Digital Love,301373,33
60,In the End,216880,36
61,Numb,185587,37
62,What I've Done,205613,38
63,Numb / Encore,205733,39
64,One Step Closer,157333,36
65,Faint,162600,37
66,Bleed It Out,166373,38
67,Papercut,184867,36
68,Crawling,208960,36
69,BURN IT DOWN,230253,40
70,Creep,238640,41
71,No Surprises,229120,42
72,Karma Police,264067,42
73,High and Dry,257480,43
74,Exit Music (For A Film),267187,42
75,Weird Fishes/ Arpeggi,318187,44
76,Jigsaw Falling Into Place,248893,44
77,Fake Plastic Trees,290707,43
78,Just,234800,43
79,Nude,255387,44
80,Highway to Hell,208400,45
81,Thunderstruck,292880,46
82,Back In Black,255493,47
83,You Shook Me All Night Long,210173,47
84,T.N.T.,214667,48
85,Hells Bells,312293,47
86,Dirty Deeds Done Dirt Cheap,231933,49
87,Shoot to Thrill,317427,47
88,It's a Long Way to the Top (If You Wanna Rock 'N' Roll),301227,48
89,Rock N Roll Train,261507,50
90,I Gotta Feeling,289133,51
91,DON'T YOU WORRY,194438,52
92,Where Is The Love?,272533,53
93,Just Canâ€™t Get Enough,219427,54
94,GIRL LIKE ME,222523,55
95,Pump It,213067,56
96,Pump It Louder,158571,57
97,Meet Me Halfway,284373,51
98,RITMO (Bad Boys For Life),214855,55
99,SIMPLY THE BEST,236190,52
100,Billie Jean,294227,58
101,Chicago,245507,59
102,Beat It,258400,58
103,Smooth Criminal - 2012 Remaster,257760,60
104,Rock with You - Single Version,220627,61
105,Don't Stop 'Til You Get Enough,365467,61
106,They Don't Care About Us,284160,62
107,Remember the Time,239227,63
108,The Way You Make Me Feel - 2012 Remaster,298120,60
109,Love Never Felt So Good,246027,59
110,Just Give Me a Reason (feat. Nate Ruess),242733,64
111,Never Gonna Not Dance Again,225789,65
112,Raise Your Glass,202960,66
113,Try,247907,64
114,So What,215160,67
115,What About Us,269600,68
116,Cover Me In Sunshine,138573,69
117,TRUSTFALL,237200,70
118,Who Knew,208493,71
119,True Love (feat. Lily Allen),230733,64
120,Mockingbird,250760,72
121,Without Me,290320,73
122,The Real Slim Shady,284200,74
123,Superman,350320,73
124,Till I Collapse,297787,73
125,Stan,404107,74
126,Love The Way You Lie,263373,75
127,Godzilla (feat. Juice WRLD),210800,76
128,Sing For The Moment,339547,73
129,Not Afraid,248133,75
130,"Happy - From ""Despicable Me 2""",232720,77
131,Down In Atlanta,164041,78
132,"Feels (feat. Pharrell Williams, Katy Perry & Big Sean)",223413,79
133,Cash In Cash Out,216136,80
134,"Stay With Me (with Justin Timberlake, Halsey & Pharrell)",229283,81
135,Hit Different,202008,82
136,Neon Guts (feat. Pharrell Williams),258789,83
137,JUGGERNAUT (feat. Lil Uzi Vert & Pharrell Williams),146419,84
138,Just A Cloud Away,176078,85
139,Frontin' (feat. Jay-Z) - Club Mix,236507,86
140,lovely (with Khalid),200186,87
141,Numb,155589,88
142,Silence,180823,89
143,Young Dumb & Broke,202547,90
144,Eastside (with Halsey & Khalid),170770,91
145,Better,229320,92
146,Location,219080,90
147,8TEEN,228600,90
148,Beautiful People (feat. Khalid),197867,93
149,Love Lies (with Normani),201707,94
150,"Shakira: Bzrp Music Sessions, Vol. 53",218289,95
151,MonotonÃ­a,158805,96
152,Te Felicito,172235,97
153,Hips Don't Lie (feat. Wyclef Jean),218093,98
154,Waka Waka (This Time for Africa) [The Official 2010 FIFA World Cup (TM) Song] (feat. Freshlyground),202627,99
155,DON'T YOU WORRY,194438,52
156,Dia de Enero,173133,101
157,Chantaje (feat. Maluma),195840,102
158,Inevitable,192867,103
159,Antologia,254240,104
160,my ex's best friend (with blackbear),139461,105
161,I Think I'm OKAY (with YUNGBLUD & Travis Barker),169397,106
162,maybe (feat. Bring Me The Horizon),170134,107
163,"Home (with Machine Gun Kelly, X Ambassadors & Bebe Rexha)",202805,108
164,forget me too (feat. Halsey),171621,105
165,bloody valentine,205159,105
166,Bad Things (with Camila Cabello),239293,109
167,make up sex (feat. blackbear),122570,107
168,"F*CK YOU, GOODBYE (feat. Machine Gun Kelly)",144860,110
169,ay! (feat. Lil Wayne),124188,107
170,X,172854,111
171,El PerdÃ³n (with Enrique Iglesias),205907,112
172,Bella y Sensual,204701,113
173,"Nicky Jam: Bzrp Music Sessions, Vol. 41",158087,114
174,Cuaderno,286507,115
175,En La Cama (feat. Daddy Yankee),157023,116
176,Si Te Preguntan...,223074,117
177,Hasta el Amanecer,198707,112
178,Color Esperanza 2020,217547,118
179,Donde Estan las Gatas,170005,119
180,Here Comes The Sun - Remastered 2009,185733,120
181,Let It Be - Remastered 2009,243027,121
182,Come Together - Remastered 2009,259947,120
183,Yesterday - Remastered 2009,125667,122
184,Twist And Shout - Remastered 2009,155227,123
185,Blackbird - Remastered 2009,138387,124
186,In My Life - Remastered 2009,146333,125
187,Hey Jude - Remastered 2015,425653,126
188,I Want To Hold Your Hand - Remastered 2015,145747,126
189,Something - Remastered 2009,182293,120
190,"Give Me Everything (feat. Ne-Yo, Afrojack & Nayer)",252307,127
191,Timber (feat. Ke$ha),204160,128
192,Time of Our Lives,229360,129
193,Feel This Moment (feat. Christina Aguilera),229507,128
194,International Love (feat. Chris Brown),227280,127
195,Fireball (feat. John Ryan),236200,129
196,We Are One (Ole Ola) [The Official 2014 FIFA World Cup Song] (feat. Jennifer Lopez & Claudia Leitte),222520,129
197,Hotel Room Service,237600,130
198,Hey Baby (Drop It to the Floor) (feat. T-Pain),234453,127
199,HOT,154493,131
200,No Lie,221176,132
201,Temperature,218573,133
202,Go Down Deh (feat. Shaggy and Sean Paul),154151,134
203,Get Busy,211666,135
204,She Doesn't Mind,227787,136
205,Give It Up to Me,242253,133
206,(When You Gonna) Give It Up to Me (feat. Keyshia Cole) - Radio Version,243880,137
207,I'm Still in Love with You (feat. Sasha),273360,135
208,UP,148944,138
209,Contra La Pared,224681,139
210,Can't Help Falling in Love,182360,140
211,Blue Christmas,129173,141
212,Here Comes Santa Claus (Right Down Santa Claus Lane),115827,141
213,Suspicious Minds,261280,142
214,Burning Love,170293,143
215,Always On My Mind,218440,143
216,If I Can Dream,191840,144
217,Jailhouse Rock,146933,145
218,In the Ghetto,167413,142
219,(You're The) Devil in Disguise,140427,146
220,Hit 'Em Up - Single Version,312627,147
221,Ambitionz Az A Ridah,278387,148
222,California Love - Original Version,284907,147
223,All Eyez On Me (ft. Big Syke),307773,148
224,Do For Love,281600,149
225,Changes,268827,147
226,Dear Mama,280000,150
227,Keep Ya Head Up,262507,151
228,2 Of Amerikaz Most Wanted (ft. Snoop Doggy Dogg),246533,148
229,Can't C Me,330760,148
230,Bad Decisions (with BTS & Snoop Dogg),172714,152
231,"Young, Wild & Free (feat. Bruno Mars)",207347,153
232,Drop It Like It's Hot,266067,154
233,"That's My N**** (with Meek Mill, YG & Snoop Dogg)",199747,155
234,From The D 2 The LBC (with Snoop Dogg),213745,14
235,Sweat - Remix,195987,157
236,Beautiful,298307,158
237,I Wanna Fuck You,178840,159
238,QuÃ© MaldiciÃ³n,203360,160
239,Riders On The Storm - Fredwreck Remix,382240,161
240,Love Me,255053,162
241,"Sucker for Pain (with Wiz Khalifa, Imagine Dragons, Logic & Ty Dolla $ign feat. X Ambassadors)",243491,163
242,Mirror,228093,164
243,Forever,357707,165
244,6 Foot 7 Foot,248587,164
245,Lollipop,299333,166
246,A Milli,221813,166
247,Scared of the Dark (feat. XXXTENTACION),233000,167
248,ay! (feat. Lil Wayne),124188,107
249,Right Above It,271947,169
250,Snowman,165907,170
251,Unstoppable,217747,171
252,Chandelier,216120,172
253,Dusk Till Dawn (feat. Sia) - Radio Edit,239000,173
254,Cheap Thrills,211667,171
255,"Genius (feat. Sia, Diplo, and Labrinth)",213707,174
256,Elastic Heart,257200,172
257,Unstoppable - R3HAB Remix,162353,175
258,Del Mar,214507,176
259,Santa's Coming for Us,205267,170
260,Dreams - 2004 Remaster,257800,177
261,The Chain - 2004 Remaster,270213,177
262,Everywhere - 2017 Remaster,226653,178
263,Go Your Own Way - 2004 Remaster,223613,179
264,Landslide,199493,180
265,Don't Stop - 2004 Remaster,193347,179
266,Little Lies - 2017 Remaster,221053,178
267,Rhiannon,252773,180
268,Gypsy,264907,147
269,Never Going Back Again - 2004 Remaster,134400,177
270,Dancing Queen,230400,182
271,Gimme! Gimme! Gimme! (A Man After Midnight),292613,183
272,Mamma Mia,213267,184
273,Angeleyes,260893,183
274,The Winner Takes It All,294720,185
275,Take A Chance On Me,243933,186
276,Lay All Your Love On Me,274467,185
277,Waterloo,168960,187
278,Chiquitita,326320,183
279,Super Trouper,252853,185
280,Let It Snow! Let It Snow! Let It Snow! (with The B. Swanson Quartet),155453,188
281,Have Yourself A Merry Little Christmas - Remastered 1999,206600,189
282,Jingle Bells - Remastered 1999,120693,189
283,My Way,276800,190
284,Somethin' Stupid,162493,191
285,Santa Claus Is Comin' to Town,154640,188
286,Fly Me To The Moon (In Other Words),147000,192
287,Strangers In The Night,157867,193
288,That's Life,187040,194
289,Silent Night - 1999 Remaster,146293,189
290,10:35,172253,0:00
291,The Motto,164819,196
292,Don't Be Shy,140500,197
293,Lay Low,153443,198
294,The Business,164000,199
295,Hot In It,129817,200
296,Pump It Louder,158571,57
297,Another Love - TiÃ«sto Remix,185366,202
298,Baila Conmigo,146250,203
299,Jackie Chan,215760,204
300,Cold Heart - PNAU Remix,202735,205
301,I'm Still Standing,183440,206
302,Hold Me Closer,202246,205
303,"Rocket Man (I Think It's Going To Be A Long, Long Time)",281613,207
304,Your Song,241787,208
305,Don't Go Breaking My Heart,275440,209
306,Tiny Dancer,377093,210
307,Step Into Christmas,272394,211
308,Goodbye Yellow Brick Road - Remastered 2014,192827,212
309,Merry Christmas,208547,213
310,Ni**as In Paris,219333,214
311,Empire State Of Mind,276920,215
312,Numb / Encore,205733,39
313,Run This Town,267520,215
314,No Church In The Wild,272507,214
315,4:44,284493,0:00
316,03' Bonnie & Clyde,205560,218
317,Otis,178213,214
318,Gotta Have It,140747,214
319,Love All (with JAY-Z),228461,219
320,Creepin' (with The Weeknd & 21 Savage),221520,220
321,Rich Flex,239360,221
322,Jimmy Cooks (feat. 21 Savage),218365,222
323,Niagara Falls (Foot or 2) [with Travis Scott & 21 Savage],207307,220
324,Pussy & Millions (feat. Travis Scott),242027,221
325,Glock In My Lap,193591,223
326,On BS,261544,221
327,Major Distribution,170502,221
328,Spin Bout U,214589,221
329,Knife Talk (with 21 Savage ft. Project Pat),242966,219
330,Bound 2,229147,225
331,Heartless,211000,226
332,Flashing Lights,237507,227
333,Ni**as In Paris,219333,214
334,Father Stretch My Hands Pt. 1,135920,229
335,Stronger,311867,227
336,I Wonder,243440,227
337,Violent Crimes,215320,230
338,Homecoming,203493,227
339,Gold Digger,207627,231
340,Ahora Te Puedes Marchar,191973,232
341,La Incondicional,257027,233
342,Hasta Que Me Olvides,281000,234
343,La Media Vuelta,161040,235
344,Culpable O No - MiÃ©nteme Como Siempre,237240,233
345,Por Debajo De La Mesa,184080,236
346,Tengo Todo Excepto a Ti,272827,237
347,No SÃ© TÃº,229853,238
348,La bikina - En vivo,179040,239
349,Sabor a Mi,185040,236
350,CUFF IT,225389,240
351,Crazy In Love (feat. Jay-Z),236133,241
352,ALIEN SUPERSTAR,215460,240
353,BREAK MY SOUL,278282,240
354,Halo,261640,242
355,Love On Top,267413,243
356,ENERGY (feat. Beam),116727,240
357,Perfect Duet (Ed Sheeran & BeyoncÃ©),259550,244
358,Drunk in Love (feat. Jay-Z),323480,245
359,Run the World (Girls),236093,243
360,ULALA (OOH LA LA),188009,246
361,La Santa,206420,247
362,Gasolina,192600,248
363,X ÃšLTIMA VEZ,192477,131
364,"Lo Que PasÃ³, PasÃ³",210933,248
365,Despacito,229360,250
366,Con Calma,193227,251
367,Tu PrÃ­ncipe,205520,248
368,Llamado de Emergencia,239920,252
369,Ella Me Levanto,209493,253
370,Used (feat. Don Toliver),146947,254
371,No Idea,154424,255
372,After Party,167916,255
373,"Lemonade (feat. Gunna, Don Toliver & NAV)",195429,256
374,Do It Right,174474,257
375,Cardigan,158709,255
376,Honest (feat. Don Toliver),193322,258
377,Mystery Lady,228453,259
378,Drugs N Hella Melodies (feat. Kali Uchis),198058,260
379,Scrape It Off (feat. Lil Uzi Vert & Don Toliver),152613,261
380,La Mitad,177791,262
381,KESI - Remix,176575,263
382,Desconocidos,204564,264
383,Aeropuerto,177627,265
384,Ãndigo,214507,265
385,Si Me Dices Que SÃ­,211652,266
386,El Mismo Aire - con Pablo AlborÃ¡n,188213,267
387,Bebiendo Sola,179067,265
388,Color Esperanza 2020,217547,118
389,Tattoo - Remix with Camilo,222680,269
390,Hold Me Closer,202246,205
391,Toxic,198800,271
392,Gimme More,251240,272
393,...Baby One More Time,211067,273
394,Oops!...I Did It Again,211160,274
395,My Only Wish (This Year),255400,275
396,Womanizer,224400,276
397,Circus,192360,276
398,Criminal,225080,277
399,If U Seek Amy,216520,276
400,Pepas,287120,278
401,Diles,286041,279
402,Si Se Da - Remix,332240,280
403,Fantasias,199711,281
404,Calma - Remix,237627,282
405,On My Way,193959,283
406,Si Me Dices Que SÃ­,211652,266
407,Passion Whine,213312,285
408,Color Esperanza 2020,217547,118
409,Patio de la CÃ¡rcel - Tangos,202098,287
410,Besos Moja2,229065,288
411,Mayor Que Usted,233520,289
412,Vapor,208895,288
413,Si Te Pillo,219721,290
414,Noche De Entierro,263293,291
415,Algo Me Gusta De Ti,274947,292
416,Noche De Sexo,205707,293
417,Sexy Movimiento,209680,294
418,Si Supieras,241880,295
419,"All I Want - From ""High School Musical: The Musical: The Series""",177323,296
420,I'll Make a Man Out of You,201680,297
421,Part of Your World,195493,298
422,If Only,229813,299
423,Under the Sea,195147,298
424,Zero To Hero,140573,300
425,I Won't Say (I'm In Love),140227,300
426,A Whole New World - Remastered 2022,160307,301
427,Be Our Guest,224920,302
428,Gotta Go My Own Way,222360,303
429,Under The Influence,184613,304
430,Superhero (Heroes & Villains) [with Future & Chris Brown],182667,220
431,No Guidance (feat. Drake),260640,306
432,NostÃ¡lgico,209884,307
433,Go Crazy,176960,308
434,Forever,278573,309
435,Wet The Bed (feat. Ludacris),266307,310
436,Under The Influence (Body Language),148751,311
437,Monalisa,212976,312
438,With You,252120,313
439,The Color Violet,226467,314
440,Lavender Sunflower,151967,314
441,Say It,237787,315
442,Broke In A Minute,132024,316
443,"WHATS POPPIN (feat. DaBaby, Tory Lanez & Lil Wayne) - Remix",227478,317
444,Lady Of Namek,193994,314
445,In For It,293307,318
446,The Take (feat. Chris Brown),221492,319
447,I LIKE,133521,320
448,And This is Just The Intro,326813,321
449,All I Want for Christmas Is You,241107,213
450,Christmas (Baby Please Come Home),153240,213
451,Fantasy,243493,323
452,Always Be My Baby,258133,323
453,We Belong Together,201400,324
454,I Know What You Want (feat. Flipmode Squad),324307,325
455,Without You,213667,326
456,Obsessed,242200,327
457,Hero,257733,326
458,O Holy Night,266933,213
459,Mallipoo,245366,328
460,Enna Sona,213632,329
461,Param Sundari,200219,330
462,Rait Zara Si,291462,331
463,Raanjhanaa,254653,332
464,Jashn-E-Bahaaraa,315173,333
465,"Ponni Nadhi (From ""Ponniyin Selvan Part -1"") - Tamil",290526,334
466,Ennodu Nee Irundhaal,352711,335
467,Kun Faya Kun,470500,336
468,Tere Bina,309640,337
469,Teil 23 - Das Geheimnis der Geisterinsel,180008,338
470,Teil 10 - Das Geheimnis der Geisterinsel,180008,338
471,Teil 1 - Das Geheimnis der Geisterinsel,185263,338
472,Teil 4 - Das Geheimnis der Geisterinsel,180006,338
473,Teil 2 - Das Geheimnis der Geisterinsel,180010,338
474,Teil 3 - Das Geheimnis der Geisterinsel,180006,338
475,Teil 8 - Das Geheimnis der Geisterinsel,180006,338
476,Teil 5 - Das Geheimnis der Geisterinsel,180010,338
477,Teil 15 - Das Geheimnis der Geisterinsel,180066,338
478,Teil 7 - Das Geheimnis der Geisterinsel,180010,338
479,Kesariya,268165,339
480,Shayad,247941,340
481,Kabira,223460,341
482,Tum Se Hi,321225,342
483,Khairiyat,280282,343
484,Tera Hone Laga Hoon,299827,344
485,Deva Deva,279107,339
486,Raabta,243578,345
487,Kalank (Title Track),311186,346
488,Bhool Bhulaiyaa 2 Title Track,211667,347
489,Saibo,195253,348
490,Pal,247286,349
491,Rasiya,265063,339
492,Param Sundari,200219,330
493,Hasi - Female Version,192187,352
494,Munbe Vaa,356942,353
495,Tujh Mein Rab Dikhta Hai - Ii,101799,354
496,Main Agar Kahoon,308158,355
497,Piya O Re Piya,292747,356
498,Samjhawan,269185,357
499,"Another Brick in the Wall, Pt. 2",238747,358
500,Wish You Were Here,334744,359
501,The Great Gig in the Sky,283872,360
502,Comfortably Numb,382297,358
503,Money,382834,360
504,Breathe (In the Air),169535,360
505,Time,413947,360
506,Hey You,278441,358
507,Brain Damage,226667,360
508,Us and Them,469224,360
509,Chop Suey!,210240,361
510,Toxicity,218933,361
511,Lonely Day,167907,362
512,Aerials,235053,361
513,B.Y.O.B.,255467,363
514,Sugar,153800,364
515,Violent Pornography,211333,363
516,Hypnotize,189440,362
517,Spiders,215440,364
518,Prison Song,201160,361
519,Basket Case,181533,365
520,American Idiot,176346,366
521,Good Riddance (Time of Your Life),153467,367
522,Wake Me up When September Ends,285653,366
523,Boulevard of Broken Dreams,262333,368
524,When I Come Around,178000,365
525,21 Guns,321093,369
526,Holiday,232680,368
527,Holiday / Boulevard of Broken Dreams,493400,366
528,Brain Stew,193000,370
529,Experience,315427,371
530,Nuvole Bianche,357707,372
531,Una Mattina,203800,372
532,The Tree,199167,373
533,Wind Song,198650,374
534,Luminous,283280,374
535,Temple White,264845,374
536,Natural Light,335542,374
537,Primavera,442400,375
538,Rolling Like A Ball,257217,374
539,Supermassive Black Hole,212440,376
540,Uprising,304840,377
541,Starlight,240213,376
542,Hysteria,227440,378
543,Knights of Cydonia,366213,376
544,Time is Running Out,237040,378
545,Madness,281040,379
546,Psycho,316718,380
547,Plug in Baby,218000,381
548,Undisclosed Desires,235000,377
549,Dream On,267597,382
550,Crazy,316693,383
551,"I Don't Want To Miss A Thing - From ""Armageddon"" Soundtrack",299723,384
552,Cryin',308333,383
553,Walk This Way,220311,385
554,Dude (Looks Like A Lady),265773,386
555,Sweet Emotion,274088,385
556,Amazing,356160,383
557,Rag Doll,265693,386
558,Janie's Got A Gun,330533,387
559,Duality,252613,388
560,Before I Forget,278600,388
561,Psychosocial,284120,389
562,Custer,254467,390
563,Wait and Bleed,147840,391
564,Unsainted,260773,392
565,The Devil in I,342821,390
566,Snuff,276147,389
567,The Dying Song (Time To Sing),203587,393
568,"Vermilion, Pt. 2",224320,388
569,Wonderwall - Remastered,258773,394
570,Don't Look Back In Anger - Remastered,289560,394
571,Stop Crying Your Heart Out,303120,395
572,Champagne Supernova - Remastered,451320,394
573,Live Forever - Remastered,276667,396
574,Supersonic - Remastered,283787,396
575,She's Electric - Remastered,220920,394
576,Half The World Away - Remastered,267333,396
577,Stand By Me - Remastered,355867,397
578,Songbird,127600,395
579,"Paint It, Black",202267,398
580,Start Me Up - Remastered 2009,213067,399
581,(I Can't Get No) Satisfaction - Mono Version,222813,400
582,Gimme Shelter,270773,401
583,Sympathy For The Devil - 50th Anniversary Edition,378147,402
584,Beast Of Burden - Remastered 1994,265173,403
585,Angie,272000,404
586,Wild Horses - 2009 Mix,341773,405
587,Miss You - Remastered,288667,403
588,You Can't Always Get What You Want,448720,401
589,Cornfield Chase,126960,406
590,Time,275556,407
591,Main Titles (Youâ€™ve Been Called Back to Top Gun),150667,408
592,Day One (Interstellar Theme),199423,406
593,S.T.A.Y.,383513,406
594,Top Gun Anthem,148933,408
595,Mountains,219093,406
596,"This Land - From ""The Lion King""/Score",175400,409
597,Chevaliers De Sangreal - From The Da Vinci Code Original Motion Picture Soundtrack,247400,410
598,First Step,107767,406
599,Change (In the House of Flies),299533,411
600,My Own Summer (Shove It),214760,412
601,Be Quiet and Drive (Far Away),299867,412
602,Sextape,241533,413
603,Cherry Waves,317707,414
604,Rosemary,413347,415
605,Mascara,225293,412
606,7 Words,223893,416
607,Digital Bath,255373,411
608,Around the Fur,211733,412
609,All The Small Things,167067,417
610,What's My Age Again?,148360,417
611,I Miss You,227240,418
612,First Date,171533,419
613,EDGING,151533,420
614,Adam's Song,249627,417
615,The Rock Show,171600,419
616,Feeling This,172646,418
617,Dammit,165373,421
618,Stay Together For The Kids,239333,419
619,Could You Be Loved,237000,422
620,Three Little Birds,180267,423
621,Is This Love,232200,424
622,Jamming,211000,423
623,Buffalo Soldier,255840,425
624,One Love / People Get Ready - Medley,172933,423
625,Redemption Song,233560,422
626,Waiting In Vain,256240,423
627,Natural Mystic,207733,423
628,"No Woman, No Cry - Live At The Lyceum, London/1975",427800,426
629,Starman - 2012 Remaster,254293,427
630,Heroes - 2017 Remaster,371413,428
631,Rebel Rebel - 2016 Remaster,274747,429
632,Space Oddity - 2015 Remaster,318027,430
633,Life on Mars? - 2015 Remaster,235987,431
634,Let's Dance - 2018 Remaster,457676,432
635,Modern Love - 2018 Remaster,288339,432
636,Changes - 2015 Remaster,217747,431
637,Moonage Daydream - 2012 Remaster,279693,427
638,Ziggy Stardust - 2012 Remaster,193880,427
639,Livin' On A Prayer,249293,433
640,You Give Love A Bad Name,222707,433
641,It's My Life,224493,434
642,Always,353027,435
643,Wanted Dead Or Alive,308667,433
644,Bed Of Roses,394400,436
645,Runaway,230667,437
646,I'll Be There For You,346587,438
647,Bad Medicine,316707,438
648,Thank You For Loving Me,308933,434
649,Still D.R.E.,270587,439
650,The Next Episode,161507,439
651,Forgot About Dre,222293,439
652,What's The Difference,244200,439
653,I Need A Doctor,283733,440
654,Keep Their Heads Ringin',305573,441
655,Xxplosive,215200,439
656,Gospel (with Eminem),210027,442
657,The Watcher,206547,439
658,Kush - Main,235120,443
659,Have You Ever Seen The Rain,160133,444
660,Fortunate Son,140773,445
661,Bad Moon Rising,141600,446
662,Proud Mary,187213,447
663,Down On The Corner,166280,445
664,Green River,154120,446
665,Up Around The Bend,159173,448
666,Who'll Stop The Rain,147279,448
667,Lookin' Out My Back Door,152466,448
668,Born On The Bayou,315200,447
669,With Or Without You - Remastered,295516,449
670,I Still Haven't Found What I'm Looking For,277477,449
671,One,276187,450
672,Beautiful Day,246400,451
673,Sunday Bloody Sunday - Remastered 2008,279440,452
674,Where The Streets Have No Name - Remastered,337506,449
675,Pride (In The Name Of Love) - Remastered 2009,228427,453
676,Sweetest Thing,184543,449
677,Vertigo,193520,454
678,Pride (In The Name Of Love) - Songs Of Surrender,237743,455
679,Party We Will Throw Now!,209413,456
680,Music & Me,240627,457
681,I Got Love,236227,457
682,Shake That (Remix),179560,458
683,So Fly - J. Period Remix,185813,459
684,Ain't No Fun (feat. Snoop Dogg & Warren G) - J. Period Remix,94973,459
685,Nobody Does It Better,270427,460
686,Your Wife (feat. Dr. Dre),219493,457
687,I Got Love (feat. Nate Dogg),159024,461
688,Keep It G.A.N.G.S.T.A. (feat. Lil' Mo & Xzibit),245027,457
689,Besos En Guerra,231533,462
690,Es Por Ti,250693,463
691,506,180552,464
692,"Y, Â¿Si Fuera Ella? - + Es +",250000,#NAME?
693,La Camisa Negra,216707,466
694,A Dios Le Pido,205373,463
695,Nada Valgo Sin Tu Amor,196360,466
696,FotografÃ­a,238133,463
697,Volverte A Ver,217560,466
698,Para Tu Amor,249000,466
699,Oye Mi Amor,263306,467
700,Rayando El Sol,250107,468
701,Clavado En Un Bar,310813,469
702,En El Muelle De San Blas,352160,469
703,Mi Verdad (feat. Shakira),272576,470
704,Te LlorÃ© Un RÃ­o,230811,471
705,Mariposa Traicionera,243307,472
706,Eres Mi ReligiÃ³n,267837,473
707,Bendita Tu Luz,264720,474
708,Vivir Sin Aire,291493,467
709,Stayin Alive,285373,475
710,Stayin' Alive,92867,476
711,"More Than A Woman - From ""Saturday Night Fever"" Soundtrack",196213,475
712,"How Deep Is Your Love - From ""Saturday Night Fever"" Soundtrack",241093,475
713,"Night Fever - From ""Saturday Night Fever"" Soundtrack",212800,475
714,To Love Somebody,182000,477
715,More Than A Woman - SG's Paradise Edit,357936,478
716,"You Should Be Dancing - Edit / From ""Saturday Night Fever"" Soundtrack",256493,479
717,Too Much Heaven,296000,480
718,I Started A Joke,188307,481
719,Uptown Girl,197707,482
720,Vienna,214240,483
721,Piano Man,339000,484
722,We Didn't Start the Fire,287733,485
723,She's Always a Woman,201373,483
724,Just the Way You Are,290573,483
725,My Life,284000,486
726,It's Still Rock and Roll to Me,176440,487
727,Only the Good Die Young,235560,483
728,Movin' Out (Anthony's Song),210760,483
729,Hypnotize - 2014 Remaster,229827,488
730,Big Poppa - 2005 Remaster,252747,489
731,Juicy - 2005 Remaster,302760,489
732,Mo Money Mo Problems (feat. Puff Daddy & Mase) - 2014 Remaster,257400,488
733,Party And Bullshit,219707,490
734,"Nasty Girl (feat. Diddy, Nelly, Jagged Edge & Avery Storm) - 2005 Remaster",286187,491
735,Suicidal Thoughts - 2005 Remaster,170213,492
736,Notorious Thugs - 2014 Remaster,366880,488
737,Who Shot Ya? - 2005 Remaster,319360,489
738,Gimme the Loot - 2005 Remaster,285947,489
739,El PerdÃ³n (with Enrique Iglesias),205907,112
740,Cuando Me Enamoro,200347,494
741,SUBEME LA RADIO (feat. Descemer Bueno & Zion & Lennox),207680,495
742,Hero,264600,496
743,DUELE EL CORAZON (feat. Wisin),199693,495
744,Bailando - Spanish Version,243413,497
745,Experiencia Religiosa,332040,498
746,El Perdedor,191427,497
747,Por Amarte,244027,498
748,I Like It,231787,494
749,The Way I Are,179120,499
750,Give It To Me,234027,499
751,Apologize,184400,499
752,If We Ever Meet Again (Featuring Katy Perry),292707,500
753,Carry Out (Featuring Justin Timberlake),232467,500
754,Say Something (Featuring Drake),240920,500
755,Bounce,244293,499
756,Morning After Dark (Featuring Nelly Furtado & SoShy),231960,500
757,Toc Toc (feat. Timbaland),157627,501
758,CorazÃ³n partÃ­o,343413,502
759,El Ultimo AdiÃ³s - Varios Artistas Version,237467,503
760,Amiga mÃ­a,290973,502
761,Un Beso en Madrid,144352,504
762,Deja Que Te Bese,244353,505
763,"Te lo agradezco, pero no (feat. Shakira)",273373,506
764,Mi soledad y yo,299840,507
765,Himno A La AlegrÃ­a,307474,508
766,La fuerza del corazÃ³n,307053,507
767,Desde cuando,235907,509
768,I Wanna Dance with Somebody (Who Loves Me),291293,510
769,I Will Always Love You,271093,511
770,I Have Nothing,289160,511
771,Higher Love,228267,512
772,How Will I Know,213295,513
773,How Will I Know,275533,514
774,Greatest Love of All,291400,514
775,My Love Is Your Love,261573,515
776,Saving All My Love for You,238467,514
777,When You Believe - from The Prince of Egypt,272893,515
778,Hung Up,337733,516
779,Material Girl,240280,517
780,Back That Up To The Beat - demo version,211476,518
781,Frozen,120157,519
782,La Isla Bonita,242733,520
783,Like a Prayer,342680,517
784,4 Minutes (feat. Justin Timberlake & Timbaland),189693,517
785,Like a Virgin,218627,521
786,Back That Up To The Beat - sped up version,192282,518
787,Papa Don't Preach,268533,520
788,If I Ain't Got You,228707,522
789,My Boo,223440,523
790,No One,253813,524
791,Girl on Fire,224920,525
792,Empire State of Mind (Part II) Broken Down,216480,526
793,Fallin',210200,527
794,City of Gods,256000,528
795,No One - Acoustic,259570,529
796,Un-thinkable (I'm Ready),249240,526
797,Underdog,204400,530
798,You're Gonna Live Forever in Me,190013,531
799,New Light,217427,532
800,Slow Dancing in a Burning Room,242000,533
801,Your Body Is a Wonderland,249627,534
802,Waiting On the World to Change,201173,533
803,"Free Fallin' - Live at the Nokia Theatre, Los Angeles, CA - December 2007",263573,535
804,Gravity,245827,533
805,I Guess I Just Feel Like,286387,532
806,XO,213627,536
807,Last Train Home,187307,532
808,Feel This Moment (feat. Christina Aguilera),229507,128
809,El Ultimo AdiÃ³s - Varios Artistas Version,237467,503
810,Say Something,229400,539
811,Genie In a Bottle,217573,540
812,Beautiful,238560,541
813,Dirrty (feat. Redman),298853,541
814,This Christmas,241507,542
815,Fighter,245960,541
816,Candyman,194213,543
817,Lady Marmalade - Single Edit,267960,544
818,Vivir Mi Vida,252347,545
819,Flor PÃ¡lida,280453,545
820,De Vuelta Pa' La Vuelta,231593,546
821,Tu Amor Me Hace Bien - Salsa Version,300160,547
822,Y Hubo Alguien,388360,548
823,QuÃ© Precio Tiene el Cielo - Salsa Version,302947,549
824,Y CÃ³mo Es El,240733,550
825,Parecen Viernes,268440,551
826,ValiÃ³ la Pena - Salsa Version,289467,547
827,Ahora Quien - Salsa Version,309587,547
828,Fuiste TÃº (feat. Gaby Moreno),265307,552
829,El Problema,330373,553
830,La Mujer Que No SoÃ±Ã©,218760,554
831,PingÃ¼inos en la Cama,228107,555
832,Minutos,247613,553
833,Historia de Taxi,402133,556
834,CÃ³mo Duele,210400,557
835,Desnuda,254000,558
836,Mujeres,207013,556
837,AcompÃ¡Ã±ame a Estar Solo,272573,555
838,"Signed, Sealed, Delivered (I'm Yours)",161160,559
839,I Just Called To Say I Love You,262240,560
840,Superstition - Single Version,245493,561
841,What Christmas Means To Me,148147,562
842,For Once In My Life,169800,563
843,Sir Duke,232760,564
844,You Are The Sunshine Of My Life,178200,565
845,Part-Time Lover,252560,566
846,Someday At Christmas,168413,562
847,Isn't She Lovely,199387,561
848,My Chick Bad,216933,567
849,What's Your Fantasy (Featuring Shawna),275907,568
850,Act A Fool,272320,569
851,How Low,201587,567
852,Rollout (My Business),296587,570
853,Area Codes,303027,570
854,Money Maker,230613,571
855,Get Back,270747,572
856,Blueberry Yum Yum,235093,572
857,Stand Up,213760,573
858,Es un Secreto,190560,574
859,Â¿por Que Te Demoras?,190493,574
860,Guatauba,162400,575
861,Si No Le Contesto,220133,574
862,Candy,207627,576
863,FanÃ¡tica Sensual,240320,576
864,Suave (Remix),305526,577
865,FanÃ¡tica Sensual - Remix,263800,578
866,Frikitona,183182,579
867,Ella Fuma,271515,580
868,VolvÃ­,230125,581
869,Ella Y Yo - Featuring Don Omar,267787,582
870,Obsesion,254720,583
871,Dile al Amor,229360,584
872,El Perdedor,215213,585
873,Un Beso,263347,582
874,El Malo,238720,584
875,Los Infieles,257187,585
876,EnseÃ±ame a Olvidar,348827,583
877,Mi Corazoncito,234240,585
878,Yeah! (feat. Lil Jon & Ludacris),250373,523
879,DJ Got Us Fallin' In Love (feat. Pitbull),220800,587
880,My Boo,223440,523
881,OMG (feat. will.i.am),269493,587
882,Love in This Club (feat. Young Jeezy),259720,588
883,U Remind Me,266893,589
884,U Got It Bad,247840,589
885,Burn,231933,523
886,Come Thru (with Usher),181013,590
887,Confessions Part II,211200,523
888,Un MillÃ³n de Primaveras,173080,591
889,AcÃ¡ Entre Nos,195373,592
890,Estos Celos,190227,591
891,Mujeres Divinas,189720,593
892,Hermoso CariÃ±o,156867,594
893,La Diferencia,170107,595
894,"Volver, Volver",179397,596
895,QuÃ© de Raro Tiene,202093,592
896,No Me SÃ© Rajar,144973,597
897,De QuÃ© Manera Te Olvido,171640,597
898,Me DediquÃ© a Perderte,231773,598
899,Inexperto En Olvidarte,185213,599
900,El Ultimo AdiÃ³s - Varios Artistas Version,237467,503
901,SÃ© Que Te Duele,228147,601
902,Me Hace Tanto Bien,188893,602
903,Mariposa Traicionera,243307,472
904,Hoy Tengo Ganas De Ti,291107,604
905,Canta CorazÃ³n,254600,598
906,Caballero,229053,605
907,Como Quien Pierde una Estrella,213733,606
908,Buy U a Drank (Shawty Snappin') (feat. Yung Joc),227960,607
909,Bartender (feat. Akon),238800,607
910,I'm Sprung,231040,608
911,Up Down (Do This All Day) (feat. B.o.B),231093,609
912,I'm N Luv (Wit a Stripper) (feat. Mike Jones),239413,608
913,Best Love Song,195987,610
914,Jerry Sprunger (with T-Pain),233546,319
915,Turn All the Lights On (feat. Ne-Yo),216440,610
916,Booty Wurk (One Cheek At a Time) (feat. Joey Galaxy),235307,609
917,I Like Dat,242085,612
918,"Cello Suite No. 1 in G Major, BWV 1007: I. PrÃ©lude",151480,613
919,"Suite No. 3 in D Major, BWV 1068: II. Air",363253,614
920,"Goldberg Variations, BWV 988: Aria",184853,615
921,"The Well-Tempered Clavier, Book 1, BWV 846-869 / Prelude & Fugue in C Major, BWV 846: I. Prelude",139307,616
922,"Montero: Adagio (After Bach's Violin Concerto No. 2, BWV 1042)",301400,617
923,"Unaccompanied Cello Suite No. 1 in G major, BWV 1007: I. PrÃ©lude",150973,618
924,"Flute Sonata in E-Flat Major, BWV 1031: II. Siciliano (arr. I. Friedman for piano)",132760,619
925,"Overture (Suite) No. 2 in B Minor, BWV 1067: VII. Badinerie",90107,620
926,"Violin Concerto No. 1 in A minor, BWV 1041: I. (Allegro moderato)",235947,621
927,Sheep May Safely Graze,295840,622
928,Sativa,276960,623
929,Sunshine,188964,624
930,Stay Ready (What A Life),382760,625
931,While We're Young,236160,623
932,The Worst,254493,625
933,B.S. (feat. H.E.R.),212867,626
934,P*$$Y Fairy (OTW),181860,627
935,Blue Dream,217027,628
936,Never Call Me,270547,623
937,On The Way (feat. Mila J),222600,629
938,"Agar Tum Saath Ho (From ""Tamasha"")",341055,630
939,"Tip Tip (From ""Sooryavanshi"")",250288,631
940,"Ek Din Aap (From ""Yes Boss"")",266067,632
941,Ae Mere Humsafar,355840,633
942,Bole Chudiyan,408133,634
943,Kuch Kuch Hota Hai,297867,635
944,Ladki Badi Anjani Hai,381707,635
945,Hum Tum,329221,636
946,Koi Mil Gaya,437693,635
947,"Mera Dil Bhi Kitna Pagal Hai (From ""Saajan"")",324893,632
948,"Tip Tip (From ""Sooryavanshi"")",250288,631
949,Enkeyoo Partha,320960,638
950,Main Yahaan Hoon,295158,639
951,Falak Tak,356180,640
952,Ae Mere Humsafar,355840,633
953,Bole Chudiyan,408133,634
954,Kuch Kuch Hota Hai,297867,635
955,Pehla Nasha,291400,644
956,Aankhein Khuli,422713,645
957,Sona Kitna Sona Hai,289154,646
958,"Besharam Rang (From ""Pathaan"")",258474,647
959,Jhoome Jo Pathaan,208164,648
960,Ishq Wala Love,257973,649
961,Khuda Jaane,333584,650
962,"Ghungroo (From ""War"")",302935,651
963,Nashe Si Chadh Gayi,237876,652
964,Dil Diyan Gallan,260537,653
965,Falak Tak,356180,640
966,Firecracker,166601,655
967,"O Saki Saki (From ""Batla House"")",191089,656
968,MÃ¤dchen auf dem Pferd (feat. Fabian Buch),151514,657
969,"MÃ¤dchen gegen Jungs (feat. Lina Larissa Strahl, Lisa-Marie Koroll, Phil Laude, Louis H.)",163421,658
970,"Up, up, up (Nobodyâ€™s perfect) [feat. Lina Larissa Strahl]",158340,657
971,"No Risk, no Fun (feat. Lina Larissa Strahl, Emilio Moutaoukkil)",159173,659
972,Happy End (feat. Lina Larissa Strahl),251533,658
973,MÃ¤dchen aus Paris (feat. Tilman PÃ¶rzgen),182087,658
974,Bester Sommer (feat. Lina Larissa Strahl),220310,658
975,98 Prozent (feat. Mavie HÃ¶rbiger),141410,659
976,Ich bleib hier (feat. Lina Larissa Strahl),179781,659
977,Ich will mehr (Kakmann Song) [feat. Charly HÃ¼bner],203752,657
978,"Ennai Vittu (From ""Love Today"")",244669,660
979,"Pacha Elai (From ""Love Today"")",210857,661
980,"Kanja Poovu Kannala (From ""Viruman"")",237559,662
981,Enkeyoo Partha,320960,638
982,Kaadhal Endral,87133,664
983,Venmegam,274853,638
984,"Saachitale (From ""Love Today"")",238664,665
985,Chiru Chiru,284467,666
986,High On Love,240169,667
987,Mamakutty,145600,668
988,Kapitel 13: Der Hexenbesenausflug (Folge 146),92971,669
989,Kapitel 12: Der Hexenbesenausflug (Folge 146),96843,669
990,Kapitel 10: Der Hexenbesenausflug (Folge 146),95569,669
991,Kapitel 15: Der Hexenbesenausflug (Folge 146),93110,669
992,Kapitel 17: Der Hexenbesenausflug (Folge 146),96057,669
993,Kapitel 16: Der Hexenbesenausflug (Folge 146),96211,669
994,Kapitel 11: Der Hexenbesenausflug (Folge 146),93900,669
995,Kapitel 08: Der Hexenbesenausflug (Folge 146),97219,669
996,Kapitel 09: Der Hexenbesenausflug (Folge 146),94425,669
997,Kapitel 06: Der Hexenbesenausflug (Folge 146),91622,669
998,Even Flow,292581,670
999,Alive,340907,670
1000,Black,342653,670
1001,Jeremy,318227,670
1002,Last Kiss,195467,671
1003,Just Breathe,215853,672
1004,Yellow Ledbetter,303587,673
1005,Daughter - Remastered,234333,674
1006,Better Man,268587,675
1007,Elderly Woman Behind the Counter in a Small Town - Remastered,196187,674
1008,"You're Gonna Go Far, Kid",177827,676
1009,The Kids Aren't Alright,180160,677
1010,Self Esteem,257827,678
1011,Pretty Fly (For A White Guy),188667,677
1012,Why Don't You Get A Job,172467,677
1013,Come Out and Play,197800,678
1014,Want You Bad,202573,679
1015,All I Want,114667,680
1016,Gone Away - 1997,268827,680
1017,Staring At The Sun,133587,677
1018,Hurt,216533,681
1019,Ring of Fire,158427,682
1020,Highwayman,182653,683
1021,"Folsom Prison Blues - Live at Folsom State Prison, Folsom, CA - January 1968",162653,684
1022,Girl from the North Country,220400,685
1023,I Walk The Line - Single Version,163046,686
1024,God's Gonna Cut You Down,158573,687
1025,The Man Comes Around,266733,681
1026,Jackson,165827,688
1027,(Ghost) Riders in the Sky,224813,689
1028,Hotel California - 2013 Remaster,391376,690
1029,Take It Easy - 2013 Remaster,211578,691
1030,Please Come Home for Christmas - 2013 Remaster,177440,692
1031,Life in the Fast Lane - 2013 Remaster,286220,690
1032,One of These Nights - 2013 Remaster,291686,693
1033,Desperado - 2013 Remaster,213713,694
1034,Peaceful Easy Feeling - 2013 Remaster,257963,691
1035,Tequila Sunrise - 2013 Remaster,173057,694
1036,Love Will Keep Us Alive,243453,695
1037,New Kid in Town - 2013 Remaster,304926,690
1038,Freak On a Leash,255733,696
1039,Coming Undone,199773,697
1040,Falling Away from Me,270920,698
1041,Got the Life,225307,696
1042,Twisted Transistor,188933,697
1043,Blind - Live at CBGB,252400,699
1044,Here to Stay,270960,700
1045,Word Up!,172667,701
1046,Y'all Want a Single,197907,702
1047,A.D.I.D.A.S.,153600,703
1048,Little Dark Age,299960,704
1049,Kids,302840,705
1050,Electric Feel,229640,705
1051,Time to Pretend,261000,705
1052,When You Die,263880,704
1053,Me and Michael,289853,704
1054,Congratulations,235387,706
1055,Weekend Wars,250773,705
1056,She Works Out Too Much,278387,704
1057,TSLAMP,270013,704
1058,Rapp Snitch Knishes feat. Mr. Fantastik,172893,707
1059,Doomsday,298053,708
1060,One Beer,258587,707
1061,Hoe Cakes,234147,707
1062,All Caps,130480,709
1063,Meat Grinder,131867,709
1064,Rhymes Like Dimes,258613,708
1065,Fancy Clown,115827,709
1066,Accordion,118853,709
1067,Raid,150520,709
1068,Boys Don't Cry - Single Version,157533,710
1069,Friday I'm in Love,214400,711
1070,Just like Heaven,212000,712
1071,Close to Me - 2006 Remaster,203267,713
1072,In Between Days - 2006 Remaster,177987,714
1073,Lovesong - 2010 Remaster,209573,715
1074,A Forest - 2006 Remaster,354933,716
1075,Lullaby - 2010 Remaster,249880,715
1076,The Lovecats,220093,717
1077,Pictures of You - 2010 Remaster,448467,715
1078,Better Together,207680,718
1079,Upside Down,209547,719
1080,Banana Pancakes,191907,718
1081,"Sitting, Waiting, Wishing",183720,718
1082,Roll Me Up and Smoke Me When I Die - Live,134267,720
1083,I Got You,179347,721
1084,Angel,122707,722
1085,Gone,130013,723
1086,Flake,281749,724
1087,Sunsets For Somebody Else,210467,725
1088,Ms. Jackson,270507,726
1089,Hey Ya!,235213,727
1090,"So Fresh, So Clean",240027,726
1091,Roses,369573,727
1092,ATLiens,230693,728
1093,The Way You Move (feat. Sleepy Brown),234000,727
1094,Rosa Parks,324373,729
1095,B.O.B. - Bombs Over Baghdad,304227,726
1096,Da Art of Storytellin' (Pt. 1),222653,729
1097,Player's Ball,261267,730
1098,It Was A Good Day,260000,731
1099,You Know How We Do It,232773,732
1100,Check Yo Self - Remix,273107,733
1101,No Vaseline,313547,734
1102,Why We Thugs,224107,735
1103,Ain't Got No Haters (feat. Too Short),206053,736
1104,Hello,232533,737
1105,You Can Do It,259088,737
1106,Gangsta Rap Made Me Do It,281653,738
1107,You Can't Hurry Love - 2016 Remaster,175747,739
1108,In The Air Tonight - 2015 Remastered,336453,740
1109,Against All Odds (Take a Look at Me Now) - 2016 Remaster,206360,741
1110,Another Day in Paradise - 2016 Remaster,322133,742
1111,"You'll Be In My Heart - From ""Tarzan""/Soundtrack Version",258133,743
1112,Easy Lover,305867,744
1113,One More Night - 2016 Remaster,288973,745
1114,A Groovy Kind of Love,210733,746
1115,Sussudio - 2016 Remaster,263107,745
1116,Do You Remember? - 2016 Remaster,275987,747
1117,Carol of the Bells,85267,748
1118,Somewhere in My Memory - Chorus & Orchestra Version,63973,748
1119,Theme From Jurassic Park,207427,749
1120,Duel of the Fates,254347,750
1121,Theme From Schindler's List,255693,751
1122,"Main Title ""Somewhere in My Memory"" (From ""Home Alone"") - Voice",293533,748
1123,Hedwig's Theme,309093,752
1124,Prologue,130293,752
1125,The Imperial March (Darth Vader's Theme),179573,753
1126,O Holy Night,167760,748
1127,De MÃºsica Ligera,212893,754
1128,Cuando Pase el Temblor,228853,754
1129,TrÃ¡tame Suavemente - Remasterizado 2007,200800,755
1130,Persiana Americana,290787,754
1131,Nada Personal,292200,754
1132,Te Para 3 - MTV Unplugged,247000,756
1133,PrÃ³fugos - Remasterizado 2007,317613,757
1134,En La Ciudad De La Furia - Remasterizado 2007,346053,758
1135,Juegos de SeducciÃ³n,197960,754
1136,En la Ciudad de la Furia - MTV Unplugged,522000,756
1137,"One Mic, One Gun",169693,759
1138,N.Y. State of Mind,293973,760
1139,If I Ruled the World (Imagine That) (feat. Lauryn Hill),282373,761
1140,The World Is Yours,290573,760
1141,Nas Is Like,237027,762
1142,It Ain't Hard to Tell,202107,760
1143,The Message,234093,761
1144,Represent,252600,760
1145,Get Down,244253,763
1146,I Can,253720,763
1147,Despacito,229360,250
1148,El Ultimo AdiÃ³s - Varios Artistas Version,237467,503
1149,CORAZONES ROTOS,230130,766
1150,Ã‰chame La Culpa,173800,250
1151,Despacito - Remix,230413,250
1152,No Me Doy Por Vencido,239400,767
1153,Tanto,219760,768
1154,Llegaste TÃº,221947,769
1155,Party Animal,195813,770
1156,Imposible,164533,250
1157,I Want It That Way,213307,771
1158,Everybody (Backstreet's Back) - Radio Edit,224960,772
1159,As Long as You Love Me,214333,773
1160,Shape of My Heart,230093,774
1161,Show Me the Meaning of Being Lonely,234960,771
1162,Larger Than Life,232827,771
1163,Quit Playing Games (With My Heart),233533,773
1164,Drowning,267227,775
1165,Incomplete,239587,776
1166,The Call,204800,774
1167,Nunca Es Suficiente,266213,777
1168,Otra Noche,199267,778
1169,Amor A Primera Vista,221347,779
1170,El ListÃ³n De Tu Pelo,216107,780
1171,17 AÃ±os,181307,780
1172,CÃ³mo Te Voy A Olvidar,270893,781
1173,Entrega De Amor,176560,782
1174,Mis Sentimientos,216987,783
1175,20 Rosas,194560,780
1176,"Ni Contigo, Ni Sin Ti",251627,777
1177,The Middle,184732,784
1178,Clarity,271427,785
1179,Stay,210091,786
1180,Happy Now,207030,787
1181,Make You Say,206000,788
1182,Beautiful Now,218293,789
1183,Good Thing (with Kehlani),210901,790
1184,Stay The Night - Featuring Hayley Williams Of Paramore,217347,791
1185,I Want You To Know,240000,789
1186,Follow,221220,792
1187,The Christmas Song (Merry Christmas To You),192160,793
1188,Deck The Halls,68760,793
1189,Joy To The World,84987,793
1190,L-O-V-E,155307,794
1191,"Caroling, Caroling",121987,793
1192,O Come All Ye Faithful,141147,793
1193,Unforgettable,191973,795
1194,The Happiest Christmas Tree,103747,793
1195,O Little Town Of Bethlehem,139467,793
1196,Smile,173267,796
1197,Blah Blah Blah,183519,797
1198,This Is What It Feels Like,204360,798
1199,Easy To Love,151820,799
1200,Great Spirit,215773,800
1201,Leave A Little Love,187029,801
1202,No Fun,130413,802
1203,One More Time,148095,803
1204,Love We Lost (with R3HAB),136000,802
1205,Repeat After Me,194261,804
1206,Come Around Again,169108,802
1207,"Shell Shocked (feat. Kill the Noise & Madsonik) - From ""Teenage Mutant Ninja Turtles""",206567,805
1208,Bandz A Make Her Dance (feat. Lil' Wayne & 2 Chainz),278827,806
1209,Be Careful (feat. Finesse2Tymes),178800,807
1210,Smoke A Nigga (feat. Wiz Khalifa),257827,806
1211,"Black and Yellow (feat. Juicy J, Snoop Dogg & T-Pain) - G-Mix [G-Mix]",275922,808
1212,RIP Young (feat. Project Pat & Juicy J) - Remix,180000,809
1213,One of Those Nights (feat. The Weeknd),256027,810
1214,Bounce It (feat. Wale & Trey Songz),260560,806
1215,Hitta (feat. Juicy J),170807,811
1216,Freaky (feat. A$ap Rocky & $uicideboy$),254187,812
1217,Lo Siento BB:/ (with Bad Bunny & Julieta Venegas),207301,813
1218,Me Voy,187520,814
1219,LimÃ³n y Sal,205413,814
1220,Eres para MÃ­ (with Anita Tijoux),192760,814
1221,Andar Conmigo,193373,815
1222,Lento,239227,815
1223,Nada Fue Un Error - Live In Spain / 2005,225680,816
1224,Algo EstÃ¡ Cambiando,240120,815
1225,El Presente (Unplugged) (En Vivo),220960,817
1226,Mismo Amor,198559,818
1227,Dancing In the Dark,241307,819
1228,"Santa Claus Is Comin' to Town - Live at C.W. Post College, Greenvale, NY - December 1975",267600,820
1229,I'm On Fire,155880,819
1230,Born in the U.S.A.,278680,819
1231,Born to Run,269920,821
1232,Streets of Philadelphia - Single Edit,195080,147
1233,Glory Days,254733,819
1234,Hungry Heart,199453,823
1235,The River,301547,823
1236,Secret Garden,266613,147
1237,Last Christmas,262960,824
1238,Wake Me Up Before You Go-Go,231333,825
1239,Everything She Wants,302693,825
1240,Club Tropicana,265600,826
1241,I'm Your Man,243093,827
1242,Freedom,302200,825
1243,The Edge of Heaven,270800,828
1244,Last Christmas - Single Version,286560,829
1245,Last Christmas - Pudding Mix,398467,824
1246,Young Guns (Go for It!),236200,826
1247,El Ultimo AdiÃ³s - Varios Artistas Version,237467,503
1248,Vamos a Darnos Tiempo,248640,831
1249,El Amar y el Querer,234773,832
1250,GavilÃ¡n o Paloma,250200,832
1251,Almohada,216907,833
1252,Lo Que No Fue No SerÃ¡,213893,833
1253,El Triste,256200,833
1254,Lo Dudo,219960,834
1255,Si Me Dejas Ahora,272000,835
1256,Quiero Perderme Contigo,295667,834
1257,El Ultimo AdiÃ³s - Varios Artistas Version,237467,503
1258,Ni Parientes Somos,158440,837
1259,La Banda Del Carro Rojo,186720,838
1260,La Puerta Negra,203587,839
1261,La Mesa Del RincÃ³n,203733,840
1262,Contrabando Y TraiciÃ³n,206293,841
1263,QuÃ© Tal Si Eres Tu,178973,842
1264,Pedro Y Pablo,193107,843
1265,Tumba Falsa,166227,844
1266,PrisiÃ³n De Amor,188160,845
1267,Summer Of '69,216053,846
1268,Heaven,243360,846
1269,(Everything I Do) I Do It For You,394133,847
1270,Run To You,233270,846
1271,Have You Ever Really Loved A Woman?,291667,848
1272,When You're Gone,204893,849
1273,Please Forgive Me,355640,850
1274,Straight From The Heart,211933,851
1275,Christmas Time,243057,852
1276,It's Only Love,194618,846
1277,Let It Snow! Let It Snow! Let It Snow!,117147,853
1278,Rudolph The Red-Nosed Reindeer,135760,853
1279,"Baby, It's Cold Outside",143733,853
1280,Silver Bells,142560,854
1281,Everybody Loves Somebody,164547,855
1282,White Christmas,149920,853
1283,Volare (Nel Blu Di Pinto Di Blu) - Remastered 1998,181627,856
1284,You're Nobody 'Til Somebody Loves You - Remastered/1997,133933,857
1285,A Marshmallow World,160947,854
1286,That's Amore,190400,858
1287,Promiscuous,242293,859
1288,Maneater,258893,859
1289,Say It Right,223080,859
1290,I'm Like A Bird,243160,860
1291,Say It Right - Sped Up Remix,194160,861
1292,All Good Things (Come To An End),311187,859
1293,Turn Off The Light,276067,860
1294,Maneater - Radio Version,198320,862
1295,Try,278387,863
1296,Promiscuous - Radio Edit,220867,864
1297,El Ultimo AdiÃ³s - Varios Artistas Version,237467,503
1298,Livin' la Vida Loca,243160,866
1299,Vente Pa' Ca (feat. Maluma),259196,867
1300,CanciÃ³n Bonita,169560,868
1301,Vuelve,307867,869
1302,La Mordidita (feat. Yotuel),211680,870
1303,Tu Recuerdo (feat. La Mari De Chambao & Tommy Torres) - MTV Unplugged Version,247867,871
1304,A Veces Bien Y A Veces Mal,145783,872
1305,"Te ExtraÃ±o, Te Olvido, Te Amo",279000,873
1306,Otra Noche en L.A.,211475,874
1307,On The Floor,284867,875
1308,El Ultimo AdiÃ³s - Varios Artistas Version,237467,503
1309,On The Floor - Radio Edit,230907,877
1310,Ain't Your Mama,218235,878
1311,Jenny from the Block (feat. Jadakiss & Styles P.) - Track Masters Remix,189765,879
1312,Let's Get Loud,239400,880
1313,Love Don't Cost a Thing,221227,881
1314,Dance Again,237267,882
1315,I'm Real (feat. Ja Rule) - Murder Remix,262133,881
1316,Get Right,225533,883
1317,SpÃ¤t nach Haus,150899,884
1318,Follow,145013,885
1319,Liebst du mich,177124,886
1320,Sterne (feat. Bozza),236056,887
1321,2002,237157,888
1322,Mit Dir,169501,886
1323,Schlechtes Vorbild,204213,889
1324,Rollender Stein,159013,886
1325,Medizin (feat. Jamule),195745,886
1326,3 Monde,140253,886
1327,"Requiem, K. 626: Lacrimosa",169667,890
1328,"Piano Concerto No. 21 in C Major, K. 467: II. Andante",433667,891
1329,"Fantasia in D Minor, K. 397",316653,892
1330,"Symphony No. 25 in G Minor, K. 183: I. Allegro con brio",460027,893
1331,"Piano Sonata No. 16 in C Major, K. 545 ""Sonata facile"": I. Allegro",291667,894
1332,"Requiem in D Minor, K. 626: Sequence: VI. Lacrimosa dies illa",199840,895
1333,"Serenade No. 13 in G Major, K. 525, ""Eine kleine Nachtmusik"": I. Allegro",351493,896
1334,"Die Hochzeit des Figaro, K. 492, 3. Akt: Canzonetta sull ariaâ€¦ Che soave zeffiretto (Die Verurteilten): Sinfonia",244560,897
1335,"Adagio in E Major, K. 261",517360,898
1336,"Serenade in B-Flat Major, K. 361 ""Gran Partita"": III. Adagio",330000,899
1337,AbrÃ¡zame Muy Fuerte,239427,900
1338,Â¿Por QuÃ© Me Haces Llorar?,182880,901
1339,Hasta Que Te ConocÃ­,435493,902
1340,Ya Lo SÃ© Que TÃº Te Vas,222947,903
1341,Caray,229040,904
1342,La Farsante,175400,904
1343,Se Me OlvidÃ³ Otra Vez,177013,905
1344,Siempre en Mi Mente,205867,906
1345,Te Lo Pido por Favor,218707,902
1346,Querida,328320,907
1347,Dilemma,289160,908
1348,Ride Wit Me,291782,909
1349,Hot In Herre,228240,908
1350,Just A Dream,237800,910
1351,Country Grammar (Hot Shit),287000,909
1352,Lil Bit (feat. Florida Georgia Line),195962,911
1353,Air Force Ones,304000,908
1354,The Fix (feat. Jeremih),173045,912
1355,E.I.,285907,909
1356,Good Times Roll,158240,913
1357,"Nocturne No. 2 in E-Flat Major, Op. 9 No. 2",273667,914
1358,"Chopin: Nocturne No. 20 in C-Sharp Minor, Op. Posth.",259493,915
1359,"Nocturne No. 1 In B Flat Minor, Op. 9 No. 1",286987,914
1360,"Nocturne en Mi BÃ©mol Majeur, Op. 9 No. 2",268427,916
1361,"Preludes, Op. 28: No. 4, Largo",131200,917
1362,Nocturne Op. 9 No. 2,302269,918
1363,"PrÃ©lude in E minor, Op. 28, No. 4",146760,919
1364,"Cello Sonata in G Minor, Op. 65: III. Largo",204520,920
1365,"Nocturne No. 19 in E Minor, Op. 72, No. 1",241987,921
1366,"Nocturne No. 2 In E Flat, Op. 9 No. 2",242587,914
1367,El Ultimo AdiÃ³s - Varios Artistas Version,237467,503
1368,Si No Te Hubieras Ido,286973,923
1369,MÃ¡s Que Tu Amigo,209507,924
1370,Mi Eterno Amor Secreto,228013,925
1371,La Venia Bendita,191640,926
1372,InvÃ©ntame,209387,927
1373,SerÃ¡ Mejor Que Te Vayas,299627,928
1374,Â¿A DÃ³nde Vamos A Parar?,228920,929
1375,Si Te Pudiera Mentir - Live Version,263800,930
1376,Donde EstarÃ¡ Mi Primavera,257400,931
1377,"My Heart Will Go On - Love Theme from ""Titanic""",280000,932
1378,"Because You Loved Me (Theme from ""Up Close and Personal"")",273667,933
1379,It's All Coming Back to Me Now,456867,933
1380,The Power of Love,342400,934
1381,Happy Xmas (War Is Over),254707,935
1382,I'm Alive,210227,936
1383,All By Myself,312307,933
1384,That's the Way It Is,241373,937
1385,"Beauty and the Beast - from the Soundtrack ""Beauty and the Beast""",249240,938
1386,Immortality (feat. Bee Gees),250893,932
1387,Words (feat. Zara Larsson),142677,939
1388,When Iâ€™m Gone (with Katy Perry),161267,940
1389,"Let Me Go (with Alesso, Florida Georgia Line & watt)",174800,941
1390,Under Control (feat. Hurts),184280,942
1391,Heroes (we could be),210013,309
1392,If I Lose Myself - Alesso vs OneRepublic,214813,944
1393,Chasing Stars (feat. James Bay),170457,945
1394,REMEDY,190295,946
1395,Only You,145174,947
1396,Leave A Little Love,187029,801
1397,Tatuajes,211255,949
1398,Me Gustas,207586,950
1399,MÃ¡s AllÃ¡ Del Sol,163655,951
1400,Eso Y MÃ¡s,159172,951
1401,Te IrÃ¡ Mejor Sin MÃ­,176320,952
1402,Rumores,222476,953
1403,Sentimental,167515,954
1404,Un Idiota,199483,950
1405,Que Sea,170507,955
1406,DisÃ©Ã±ame,186413,956
1407,White Christmas,177480,957
1408,Do You Hear What I Hear? - Remastered 2006,165667,958
1409,It's Beginning To Look A Lot Like Christmas,164613,959
1410,Winter Wonderland - Remastered,142480,959
1411,Mele Kalikimaka - Single Version,172173,960
1412,Silver Bells,182667,961
1413,God Rest Ye Merry Gentlemen,137267,961
1414,Frosty The Snowman - Remastered 2006,133413,958
1415,The Little Drummer Boy - Remastered 2006,180040,958
1416,I'll Be Home For Christmas - Single Version,177027,962
1417,Ayyayo,324373,963
1418,Yeh Haseen Vadiyan Yeh Khula Aasman,320013,964
1419,Yamma Yamma,366507,965
1420,Saathiya Tune Kya Kiya,310467,966
1421,Pehla Pehla Pyar,264307,967
1422,Ennai Thottu,300960,968
1423,Tumse Milne Ki Tamanna Hai,329987,969
1424,"Kaadhal Rojave (From ""Roja"")",299911,970
1425,"Kathalikkum Penin Kaikal (From ""Kaadhalan"")",289306,971
1426,"Marana Mass - From ""Petta""",216000,972
1427,Tumse Milke Dil Ka,359253,973
1428,Main Agar Kahoon,308158,355
1429,Kal Ho Naa Ho,321240,975
1430,Abhi Mujh Mein Kahin,364787,976
1431,Mere Haath Mein,285858,977
1432,Bole Chudiyan,408133,634
1433,Shukran Allah,290053,979
1434,Dil Dooba,230947,980
1435,"Sapna Jahan (From ""Brothers"")",341780,981
1436,Nagada Nagada,228469,342
1437,Mera Dil Ye Pukare - Tu Aaja - Heartlock Mix,122609,983
1438,Aankhein Khuli,422713,645
1439,Tere Liye,331677,639
1440,Do Pal,265927,639
1441,Dil To Pagal Hai,336118,986
1442,Luka Chuppi,396507,987
1443,Are Re Are,335386,986
1444,Pyar Kar,405029,986
1445,Humko Humise Chura Lo,473025,645
1446,Madhosh Dil Ki Dhadkan,324000,988
1447,El Final De Nuestra Historia,197280,989
1448,Ya Te PerdÃ­ La Fe,147053,990
1449,Entre Beso Y Beso,182307,991
1450,Mi Segunda Vida,187640,992
1451,Y Que Quede Claro,191787,993
1452,Ya Es Muy Tarde,181160,994
1453,Si Tu Amor No Vuelve,247600,995
1454,Ya No Te BuscarÃ©,191067,996
1455,El Ruido De Tus Zapatos,265880,992
1456,De Ti Exclusivo,196360,997
1457,"Tu Hi Yaar Mera (From ""Pati Patni Aur Woh"")",200992,998
1458,Khuda Jaane,333584,650
1459,Zara Sa,303680,1000
1460,Dil Ibaadat,329387,1001
1461,"Ajab Si (From ""Om Shanti Om"")",241668,1002
1462,Labon Ko,341028,1003
1463,"Kya Mujhe Pyar Hai (From ""Woh Lamhe"")",266653,1004
1464,Make Some Noise For The Desi Boyz,244068,1005
1465,"Beete Lamhein (From ""The Train"")",298272,1002
1466,"Tu Hi Meri Shab Hai, Pt. 1",389693,1006
1467,SÃ¡lvame,224973,1007
1468,SÃ³lo QuÃ©date En Silencio,219520,1007
1469,Este CorazÃ³n,210440,1008
1470,Tras De MÃ­,192320,1008
1471,Ser O Parecer,211467,1009
1472,AÃºn Hay Algo,214933,1008
1473,Rebelde,214307,1007
1474,EnsÃ©Ã±ame,221853,1007
1475,Nuestro Amor,215747,1008
1476,Un Poco De Tu Amor,206120,1007
1477,Vaa Thalaivaa,270048,1010
1478,Mitwa,382973,1011
1479,Uff Teri Adaa,304089,1012
1480,Kadhale Kadhale,207072,1013
1481,Enna Solla Pogirai,360880,1014
1482,Sajdaa,365707,1015
1483,Gallan Goodiyaan,296500,1016
1484,Desi Girl,306987,1017
1485,Shiv Tandav Stotram,553274,1018
1486,Indru Netru Naalai,185216,1013
1487,"Ek Din Aap (From ""Yes Boss"")",266067,632
1488,Ladki Badi Anjani Hai,381707,635
1489,"Sochenge Tumhe Pyar (From ""Deewana"")",362888,1021
1490,Ae Kash Ke Hum,310427,1022
1491,Saawariya (feat. Arjun Bijlani),202373,1023
1492,"Mera Dil Bhi Kitna Pagal Hai (From ""Saajan"")",324893,632
1493,Tumse Milne Ko Dil,300400,1024
1494,"Chura Ke Dil Mera (From ""Main Khiladi Tu Anari"")",474653,632
1495,"Aankh Marey (From ""Simmba"")",212741,1025
1496,Raah Mein Unse Mulaqat,519227,1026
1497,The Trooper - 2015 Remaster,252733,1027
1498,Run to the Hills - 2015 Remaster,233507,1028
1499,Fear of the Dark - 2015 Remaster,438120,1029
1500,The Number of the Beast - 2015 Remaster,290587,1028
1501,Wasted Years - 2015 Remaster,309640,1030
1502,Hallowed Be Thy Name - 2015 Remaster,431093,1028
1503,2 Minutes to Midnight - 2015 Remaster,363587,1031
1504,Wasting Love - 2015 Remaster,351027,1029
1505,Aces High - 2015 Remaster,271907,1031
1506,Flight of Icarus - 2015 Remaster,230760,1027
