movie_name,cast_id
The Kid,nm0000122
The Kid,nm0701012
The Kid,nm0001067
The Kid,nm0588033
The Kid,nm0042317
The Kid,nm0047800
The Kid,nm0048798
Sherlock Jr,nm0000036
Sherlock Jr,nm0570230
Sherlock Jr,nm0444172
Sherlock Jr,nm0175068
Sherlock Jr,nm0186440
Sherlock Jr,nm0175075
Sherlock Jr,nm0204639
The Gold Rush,nm0000122
The Gold Rush,nm0841501
The Gold Rush,nm0615306
The Gold Rush,nm0074788
The Gold Rush,nm0906618
The Gold Rush,nm0354913
The Gold Rush,nm1033900
Metropolis,nm0375609
Metropolis,nm0002154
Metropolis,nm0297054
Metropolis,nm0459030
Metropolis,nm0003248
Metropolis,nm0519765
Metropolis,nm0084430
The General,nm0000036
The General,nm0533045
The General,nm0147070
The General,nm0267650
The General,nm0089162
The General,nm1070961
The General,nm0807667
The Passion of Christ,nm0266029
The Passion of Christ,nm0798564
The Passion of Christ,nm0075551
The Passion of Christ,nm0776914
The Passion of Christ,nm0037625
The Passion of Christ,nm0800302
The Passion of Christ,nm0195956
City Lights,nm0000122
City Lights,nm0156039
City Lights,nm5681967
City Lights,nm0616729
City Lights,nm0305087
City Lights,nm0003424
City Lights,nm0008609
M,nm0000048
M,nm0927145
M,nm0484737
M,nm0921532
M,nm0519765
M,nm0345073
M,nm0323479
It Happened One Night,nm0000022
It Happened One Night,nm0001055
It Happened One Night,nm0175369
It Happened One Night,nm0439850
It Happened One Night,nm0858977
It Happened One Night,nm0002118
It Happened One Night,nm0398446
Modern Times,nm0000122
Modern Times,nm0002104
Modern Times,nm0074788
Modern Times,nm0761866
Modern Times,nm0174682
Modern Times,nm0003424
Modern Times,nm0090008
Gone with the Wind,nm0000022
Gone with the Wind,nm0000046
Gone with the Wind,nm0593775
Gone with the Wind,nm0641966
Gone with the Wind,nm0450810
Gone with the Wind,nm0751946
Gone with the Wind,nm0001660
Mr. Smith Goes to Washington,nm0000071
Mr. Smith Goes to Washington,nm0000795
Mr. Smith Goes to Washington,nm0001647
Mr. Smith Goes to Washington,nm0036427
Mr. Smith Goes to Washington,nm0452128
Mr. Smith Goes to Washington,nm0593775
Mr. Smith Goes to Washington,nm0657874
The Wizard of Oz,nm0000023
The Wizard of Oz,nm0604656
The Wizard of Oz,nm0001961
The Wizard of Oz,nm0481618
The Wizard of Oz,nm0355095
The Wizard of Oz,nm0000992
The Wizard of Oz,nm0002121
The Grapes of Wrath,nm0000020
The Grapes of Wrath,nm0002034
The Grapes of Wrath,nm0001017
The Grapes of Wrath,nm0335788
The Grapes of Wrath,nm0100758
The Grapes of Wrath,nm0801193
The Grapes of Wrath,nm0925713
The Great Dictator,nm0000122
The Great Dictator,nm0002104
The Great Dictator,nm0642988
The Great Dictator,nm0306786
The Great Dictator,nm0199787
The Great Dictator,nm0317970
The Great Dictator,nm0354916
Rebecca,nm0000059
Rebecca,nm0000021
Rebecca,nm0001695
Rebecca,nm0000752
Rebecca,nm0115558
Rebecca,nm0219666
Rebecca,nm0807580
Citizen Kane,nm0000080
Citizen Kane,nm0001072
Citizen Kane,nm0173827
Citizen Kane,nm0001547
Citizen Kane,nm0913095
Citizen Kane,nm0172615
Citizen Kane,nm0762557
Casablanca,nm0000007
Casablanca,nm0000006
Casablanca,nm0002134
Casablanca,nm0001647
Casablanca,nm0891998
Casablanca,nm0002113
Casablanca,nm0000048
To Be or Not to Be,nm0001479
To Be or Not to Be,nm0000912
To Be or Not to Be,nm0821041
To Be or Not to Be,nm0107795
To Be or Not to Be,nm0041172
To Be or Not to Be,nm0725897
To Be or Not to Be,nm0750079
Double Indemnity,nm0534045
Double Indemnity,nm0001766
Double Indemnity,nm0000064
Double Indemnity,nm0056477
Double Indemnity,nm0356004
Double Indemnity,nm0372742
Double Indemnity,nm0694631
The Best Years of Our Lives,nm0001485
The Best Years of Our Lives,nm0000763
The Best Years of Our Lives,nm0545298
The Best Years of Our Lives,nm0942863
The Best Years of Our Lives,nm0562920
The Best Years of Our Lives,nm0640732
The Best Years of Our Lives,nm0005994
It's a Wonderful Life,nm0000071
It's a Wonderful Life,nm0001656
It's a Wonderful Life,nm0000859
It's a Wonderful Life,nm0593775
It's a Wonderful Life,nm0871287
It's a Wonderful Life,nm0094135
It's a Wonderful Life,nm0269709
Ladri di biciclette,nm0536009
Ladri di biciclette,nm0821543
Ladri di biciclette,nm0136794
Ladri di biciclette,nm0022821
Ladri di biciclette,nm0759031
Ladri di biciclette,nm0157058
Ladri di biciclette,nm0031509
The Treasure of the Sierra Madre,nm0000007
The Treasure of the Sierra Madre,nm0404158
The Treasure of the Sierra Madre,nm0392529
The Treasure of the Sierra Madre,nm0071636
The Treasure of the Sierra Madre,nm0533692
The Treasure of the Sierra Madre,nm0066166
The Treasure of the Sierra Madre,nm0815495
The Third Man,nm0000080
The Third Man,nm0001072
The Third Man,nm0885098
The Third Man,nm0002145
The Third Man,nm0405977
The Third Man,nm0222074
The Third Man,nm0690691
All About Eve,nm0000012
All About Eve,nm0000879
All About Eve,nm0001695
All About Eve,nm0002141
All About Eve,nm0581282
All About Eve,nm0549280
All About Eve,nm0711855
Rashomon,nm0001536
Rashomon,nm0477553
Rashomon,nm0605270
Rashomon,nm0793766
Rashomon,nm0156928
Rashomon,nm0879918
Rashomon,nm0393352
Sunset Boulevard,nm0000034
Sunset Boulevard,nm0841797
Sunset Boulevard,nm0002233
Sunset Boulevard,nm0647970
Sunset Boulevard,nm0163939
Sunset Boulevard,nm0332221
Sunset Boulevard,nm0916131
To Live,nm0793766
To Live,nm0437520
To Live,nm0385443
To Live,nm0848984
To Live,nm0156928
To Live,nm0643887
To Live,nm0383091
Singin' in the Rain,nm0000037
Singin' in the Rain,nm0640307
Singin' in the Rain,nm0001666
Singin' in the Rain,nm0353405
Singin' in the Rain,nm0593612
Singin' in the Rain,nm0001998
Singin' in the Rain,nm0288830
The Wages of Fear,nm0598971
The Wages of Fear,nm0889024
The Wages of Fear,nm0886870
The Wages of Fear,nm0525793
The Wages of Fear,nm0167243
The Wages of Fear,nm0875630
The Wages of Fear,nm0603916
Tokyo Story,nm0753479
Tokyo Story,nm0383261
Tokyo Story,nm0945522
Tokyo Story,nm0361697
Tokyo Story,nm0837503
Tokyo Story,nm0594381
Tokyo Story,nm0434593
Dial M for Murder,nm0001537
Dial M for Murder,nm0000038
Dial M for Murder,nm0191950
Dial M for Murder,nm0002369
Dial M for Murder,nm0206060
Dial M for Murder,nm0110063
Dial M for Murder,nm0019996
On the Waterfront,nm0000008
On the Waterfront,nm0001500
On the Waterfront,nm0002011
On the Waterfront,nm0001768
On the Waterfront,nm0377416
On the Waterfront,nm0002063
On the Waterfront,nm0922599
Rear Window,nm0000071
Rear Window,nm0000038
Rear Window,nm0179819
Rear Window,nm0728812
Rear Window,nm0000994
Rear Window,nm0263393
Rear Window,nm0046564
Shichinin no samurai,nm0001536
Shichinin no samurai,nm0793766
Shichinin no samurai,nm0875477
Shichinin no samurai,nm0793616
Shichinin no samurai,nm0297869
Shichinin no samurai,nm0441961
Shichinin no samurai,nm0454087
Pather Panchali,nm0052333
Pather Panchali,nm0052334
Pather Panchali,nm0052343
Pather Panchali,nm0222447
Pather Panchali,nm0201871
Pather Panchali,nm0051846
Pather Panchali,nm0222480
12 Angry Men,nm0000020
12 Angry Men,nm0002011
12 Angry Men,nm0000842
12 Angry Men,nm0275835
12 Angry Men,nm0550855
12 Angry Men,nm0001430
12 Angry Men,nm0083081
The Bridge on the River Kwai,nm0000034
The Bridge on the River Kwai,nm0000027
The Bridge on the River Kwai,nm0370144
The Bridge on the River Kwai,nm0370564
The Bridge on the River Kwai,nm0232019
The Bridge on the River Kwai,nm0395012
The Bridge on the River Kwai,nm0603682
Paths of Glory,nm0000018
Paths of Glory,nm0576127
Paths of Glory,nm0579663
Paths of Glory,nm0534317
Paths of Glory,nm0606998
Paths of Glory,nm0027323
Paths of Glory,nm0877185
The Seventh Seal,nm0001884
The Seventh Seal,nm0085038
The Seventh Seal,nm0252345
The Seventh Seal,nm0691555
The Seventh Seal,nm0000761
The Seventh Seal,nm0318676
The Seventh Seal,nm0361458
Wild Strawberries,nm0803705
Wild Strawberries,nm0000761
Wild Strawberries,nm0862026
Wild Strawberries,nm0085038
Wild Strawberries,nm0454247
Wild Strawberries,nm0839212
Wild Strawberries,nm0084761
Witness for the Prosecution,nm0000061
Witness for the Prosecution,nm0000017
Witness for the Prosecution,nm0001452
Witness for the Prosecution,nm0006471
Witness for the Prosecution,nm0002369
Witness for the Prosecution,nm0199787
Witness for the Prosecution,nm0938052
Vertigo,nm0000071
Vertigo,nm0001571
Vertigo,nm0000895
Vertigo,nm0375738
Vertigo,nm0428216
Vertigo,nm0047450
Vertigo,nm0179289
Ben-Hur,nm0000032
Ben-Hur,nm0370144
Ben-Hur,nm0000963
Ben-Hur,nm0361823
Ben-Hur,nm0341518
Ben-Hur,nm0779549
Ben-Hur,nm0640732
North by Northwest,nm0000026
North by Northwest,nm0001693
North by Northwest,nm0000051
North by Northwest,nm0484829
North by Northwest,nm0001991
North by Northwest,nm0404360
North by Northwest,nm0643211
The 400 Blows,nm0529543
The 400 Blows,nm0753716
The 400 Blows,nm0561158
The 400 Blows,nm0213948
The 400 Blows,nm0280961
The 400 Blows,nm0041756
The 400 Blows,nm0184309
Some Like It Hot,nm0000054
Some Like It Hot,nm0000348
Some Like It Hot,nm0000493
Some Like It Hot,nm0706368
Some Like It Hot,nm0002285
Some Like It Hot,nm0113873
Some Like It Hot,nm0675490
The Apartment,nm0000493
The Apartment,nm0000511
The Apartment,nm0534045
The Apartment,nm0001827
The Apartment,nm0472816
The Apartment,nm0507081
The Apartment,nm0390516
Psycho,nm0000578
Psycho,nm0001463
Psycho,nm0587256
Psycho,nm0001260
Psycho,nm0000842
Psycho,nm0570615
Psycho,nm0643000
Judgment at Nuremberg,nm0000075
Judgment at Nuremberg,nm0000044
Judgment at Nuremberg,nm0001847
Judgment at Nuremberg,nm0000017
Judgment at Nuremberg,nm0001703
Judgment at Nuremberg,nm0000023
Judgment at Nuremberg,nm0001050
Yojimbo,nm0001536
Yojimbo,nm0867391
Yojimbo,nm0619938
Yojimbo,nm0875362
Yojimbo,nm0945222
Yojimbo,nm0441961
Yojimbo,nm0442951
Seppuku,nm0619938
Seppuku,nm0410968
Seppuku,nm0412615
Seppuku,nm0848533
Seppuku,nm0592756
Seppuku,nm0368049
Seppuku,nm0766225
Lawrence of Arabia,nm0000564
Lawrence of Arabia,nm0000027
Lawrence of Arabia,nm0000063
Lawrence of Arabia,nm0370144
Lawrence of Arabia,nm0001725
Lawrence of Arabia,nm0001207
Lawrence of Arabia,nm0703033
To Kill a Mockingbird,nm0000060
To Kill a Mockingbird,nm0576345
To Kill a Mockingbird,nm0653942
To Kill a Mockingbird,nm0614677
To Kill a Mockingbird,nm0925418
To Kill a Mockingbird,nm0676349
To Kill a Mockingbird,nm0262745
Dr. Strangelove or: How I Learned to Stop Worrying and Love the Bomb,nm0000634
Dr. Strangelove or: How I Learned to Stop Worrying and Love the Bomb,nm0001715
Dr. Strangelove or: How I Learned to Stop Worrying and Love the Bomb,nm0001330
Dr. Strangelove or: How I Learned to Stop Worrying and Love the Bomb,nm0943978
Dr. Strangelove or: How I Learned to Stop Worrying and Love the Bomb,nm0001620
Dr. Strangelove or: How I Learned to Stop Worrying and Love the Bomb,nm0119988
Dr. Strangelove or: How I Learned to Stop Worrying and Love the Bomb,nm0000469
The Great Escape,nm0000537
The Great Escape,nm0001258
The Great Escape,nm0000277
The Great Escape,nm0000314
The Great Escape,nm0232019
The Great Escape,nm0000587
The Great Escape,nm0000336
Tengoku to jigoku,nm0001536
Tengoku to jigoku,nm0755403
Tengoku to jigoku,nm0619938
Tengoku to jigoku,nm0434593
Tengoku to jigoku,nm0586227
Tengoku to jigoku,nm0454087
Tengoku to jigoku,nm0411146
The Battle of Algiers,nm0352835
The Battle of Algiers,nm0552483
The Battle of Algiers,nm0754272
The Battle of Algiers,nm0449197
The Battle of Algiers,nm0657597
The Battle of Algiers,nm0252678
The Battle of Algiers,nm0069934
For a Few Dollars More,nm0000142
For a Few Dollars More,nm0001812
For a Few Dollars More,nm0002231
For a Few Dollars More,nm0472756
For a Few Dollars More,nm0685559
For a Few Dollars More,nm0001428
For a Few Dollars More,nm8621588
The Sound of Music,nm0000267
The Sound of Music,nm0001626
The Sound of Music,nm0662223
The Sound of Music,nm0370821
The Sound of Music,nm0939931
The Sound of Music,nm0139642
The Sound of Music,nm0579991
"The Good, the Bad and the Ugly",nm0000142
"The Good, the Bad and the Ugly",nm0908919
"The Good, the Bad and the Ugly",nm0001812
"The Good, the Bad and the Ugly",nm0321294
"The Good, the Bad and the Ugly",nm0685559
"The Good, the Bad and the Ugly",nm0711502
"The Good, the Bad and the Ugly",nm0677654
Persona,nm0000761
Persona,nm0880521
Persona,nm0472234
Persona,nm0085038
Persona,nm0512502
Cool Hand Luke,nm0000056
Cool Hand Luke,nm0001421
Cool Hand Luke,nm0001510
Cool Hand Luke,nm0134201
Cool Hand Luke,nm0031398
Cool Hand Luke,nm0238105
Cool Hand Luke,nm0886888
2001: A Space Odyssey,nm0001158
2001: A Space Odyssey,nm0516972
2001: A Space Odyssey,nm0843213
2001: A Space Odyssey,nm0725220
2001: A Space Odyssey,nm0744436
2001: A Space Odyssey,nm0879239
2001: A Space Odyssey,nm0064235
Once Upon a Time in the West,nm0000020
Once Upon a Time in the West,nm0000314
Once Upon a Time in the West,nm0001012
Once Upon a Time in the West,nm0001673
Once Upon a Time in the West,nm0275213
Once Upon a Time in the West,nm0832375
Once Upon a Time in the West,nm0834754
A Clockwork Orange,nm0000532
A Clockwork Orange,nm0535861
A Clockwork Orange,nm0060988
A Clockwork Orange,nm0165049
A Clockwork Orange,nm0166979
A Clockwork Orange,nm0180920
A Clockwork Orange,nm0240268
The Godfather,nm0000008
The Godfather,nm0000199
The Godfather,nm0001001
The Godfather,nm0000473
The Godfather,nm0144710
The Godfather,nm0000380
The Godfather,nm0001330
The Exorcist,nm0000995
The Exorcist,nm0001884
The Exorcist,nm0000304
The Exorcist,nm0002011
The Exorcist,nm0935345
The Exorcist,nm0532290
The Exorcist,nm0588553
The Sting,nm0000056
The Sting,nm0000602
The Sting,nm0001727
The Sting,nm0001164
The Sting,nm0001827
The Sting,nm0107281
The Sting,nm0332390
Chinatown,nm0000197
Chinatown,nm0001159
Chinatown,nm0001379
Chinatown,nm0520164
Chinatown,nm0384916
Chinatown,nm0959022
Chinatown,nm0002663
Dersu Uzala,nm0613364
Dersu Uzala,nm0813272
Dersu Uzala,nm0125730
Dersu Uzala,nm1276196
Dersu Uzala,nm6210352
Dersu Uzala,nm6210353
Dersu Uzala,nm0843102
The Godfather Part II,nm0000199
The Godfather Part II,nm0000134
The Godfather Part II,nm0000380
The Godfather Part II,nm0000473
The Godfather Part II,nm0001030
The Godfather Part II,nm0001735
The Godfather Part II,nm0833448
Monty Python and the Holy Grail,nm0001037
Monty Python and the Holy Grail,nm0000092
Monty Python and the Holy Grail,nm0001385
Monty Python and the Holy Grail,nm0000416
Monty Python and the Holy Grail,nm0001402
Monty Python and the Holy Grail,nm0001589
Monty Python and the Holy Grail,nm0095665
Barry Lyndon,nm0641939
Barry Lyndon,nm0001943
Barry Lyndon,nm0535861
Barry Lyndon,nm0473228
Barry Lyndon,nm0000925
Barry Lyndon,nm0357864
Barry Lyndon,nm0443811
Jaws,nm0001702
Jaws,nm0001727
Jaws,nm0000377
Jaws,nm0308882
Jaws,nm0358069
Jaws,nm0331956
Jaws,nm0469552
One Flew Over the Cuckoo's Nest,nm0000197
One Flew Over the Cuckoo's Nest,nm0001221
One Flew Over the Cuckoo's Nest,nm0077720
One Flew Over the Cuckoo's Nest,nm0110480
One Flew Over the Cuckoo's Nest,nm0111954
One Flew Over the Cuckoo's Nest,nm0113000
One Flew Over the Cuckoo's Nest,nm0001079
Network,nm0001159
Network,nm0000034
Network,nm0002075
Network,nm0000380
Network,nm0011741
Network,nm0000885
Network,nm0121386
Rocky,nm0000230
Rocky,nm0001735
Rocky,nm0949350
Rocky,nm0001835
Rocky,nm0580565
Rocky,nm0203076
Rocky,nm0818874
Taxi Driver,nm0000134
Taxi Driver,nm0000149
Taxi Driver,nm0001732
Taxi Driver,nm0000983
Taxi Driver,nm0007958
Taxi Driver,nm0012524
Taxi Driver,nm0034519
Star Wars,nm0000434
Star Wars,nm0000148
Star Wars,nm0000402
Star Wars,nm0000027
Star Wars,nm0001088
Star Wars,nm0000355
Star Wars,nm0048652
The Deer Hunter,nm0000134
The Deer Hunter,nm0000686
The Deer Hunter,nm0001030
The Deer Hunter,nm0001698
The Deer Hunter,nm0000658
The Deer Hunter,nm0001169
The Deer Hunter,nm0039625
Alien,nm0000244
Alien,nm0000643
Alien,nm0000457
Alien,nm0001021
Alien,nm0001765
Alien,nm0000453
Alien,nm0001433
Apocalypse Now,nm0000640
Apocalypse Now,nm0000008
Apocalypse Now,nm0000380
Apocalypse Now,nm0002078
Apocalypse Now,nm0098734
Apocalypse Now,nm0000401
Apocalypse Now,nm0355278
Life of Brian,nm0001037
Life of Brian,nm0000092
Life of Brian,nm0001589
Life of Brian,nm0000416
Life of Brian,nm0001385
Life of Brian,nm0001402
Life of Brian,nm0063027
The Elephant Man,nm0000164
The Elephant Man,nm0000457
The Elephant Man,nm0000843
The Elephant Man,nm0000024
The Elephant Man,nm0384908
The Elephant Man,nm0428086
The Elephant Man,nm0255573
The Empire Strikes Back,nm0000434
The Empire Strikes Back,nm0000148
The Empire Strikes Back,nm0000402
The Empire Strikes Back,nm0001850
The Empire Strikes Back,nm0000355
The Empire Strikes Back,nm0001190
The Empire Strikes Back,nm0562679
Raging Bull,nm0000134
Raging Bull,nm0001550
Raging Bull,nm0000582
Raging Bull,nm0898634
Raging Bull,nm0170225
Raging Bull,nm0757854
Raging Bull,nm0002869
The Shining,nm0000197
The Shining,nm0001167
The Shining,nm0515950
The Shining,nm0001079
The Shining,nm0625167
The Shining,nm0832104
The Shining,nm0877185
Das Boot,nm0001638
Das Boot,nm0344963
Das Boot,nm0921044
Das Boot,nm0071059
Das Boot,nm0783847
Das Boot,nm0851427
Das Boot,nm0496441
Raiders of the Lost Ark,nm0000148
Raiders of the Lost Ark,nm0000261
Raiders of the Lost Ark,nm0293550
Raiders of the Lost Ark,nm0722636
Raiders of the Lost Ark,nm0479951
Raiders of the Lost Ark,nm0001186
Raiders of the Lost Ark,nm0000547
Blade Runner,nm0000148
Blade Runner,nm0000442
Blade Runner,nm0000707
Blade Runner,nm0001579
Blade Runner,nm0001826
Blade Runner,nm0000435
Blade Runner,nm0761836
Gandhi,nm0001426
Gandhi,nm0000024
Gandhi,nm0368990
Gandhi,nm0786022
Gandhi,nm0000298
Gandhi,nm0002081
Gandhi,nm0002145
The Thing,nm0000621
The Thing,nm0000979
The Thing,nm0202966
The Thing,nm0557956
The Thing,nm0141953
The Thing,nm0166359
The Thing,nm0246004
Star Wars: Episode VI - Return of the Jedi,nm0000434
Star Wars: Episode VI - Return of the Jedi,nm0000148
Star Wars: Episode VI - Return of the Jedi,nm0000402
Star Wars: Episode VI - Return of the Jedi,nm0001850
Star Wars: Episode VI - Return of the Jedi,nm0000355
Star Wars: Episode VI - Return of the Jedi,nm0562679
Star Wars: Episode VI - Return of the Jedi,nm0789970
Scarface,nm0000199
Scarface,nm0000201
Scarface,nm0000874
Scarface,nm0001512
Scarface,nm0005162
Scarface,nm0173125
Scarface,nm0000719
Amadeus,nm0000719
Amadeus,nm0001371
Amadeus,nm0000931
Amadeus,nm0234541
Amadeus,nm0001003
Amadeus,nm0002056
Amadeus,nm0000470
Once Upon a Time in America,nm0000134
Once Upon a Time in America,nm0000249
Once Upon a Time in America,nm0001527
Once Upon a Time in America,nm0001852
Once Upon a Time in America,nm0001839
Once Upon a Time in America,nm0949350
Once Upon a Time in America,nm0000582
The Terminator,nm0000216
The Terminator,nm0000157
The Terminator,nm0000299
The Terminator,nm0934902
The Terminator,nm0000448
The Terminator,nm0001685
The Terminator,nm0609477
Back to the Future,nm0000150
Back to the Future,nm0000502
Back to the Future,nm0000670
Back to the Future,nm0000417
Back to the Future,nm0001855
Back to the Future,nm0920148
Back to the Future,nm0566013
Ran,nm0619938
Ran,nm0855417
Ran,nm0628704
Ran,nm0753480
Ran,nm7014801
Ran,nm0594523
Ran,nm0407030
Aliens,nm0000244
Aliens,nm0000299
Aliens,nm0001343
Aliens,nm0001663
Aliens,nm0000448
Aliens,nm0000200
Aliens,nm0394054
Come and See,nm0470385
Come and See,nm0592500
Come and See,nm0490708
Come and See,nm0046575
Come and See,nm2496074
Come and See,nm0520660
Come and See,nm0704859
Platoon,nm0000221
Platoon,nm0000297
Platoon,nm0000353
Platoon,nm0202966
Platoon,nm0001845
Platoon,nm0005331
Platoon,nm0001143
Stand by Me,nm0000696
Stand by Me,nm0000203
Stand by Me,nm0000397
Stand by Me,nm0005278
Stand by Me,nm0000662
Stand by Me,nm0797150
Stand by Me,nm0727037
Full Metal Jacket,nm0000546
Full Metal Jacket,nm0000388
Full Metal Jacket,nm0000352
Full Metal Jacket,nm0000284
Full Metal Jacket,nm0002126
Full Metal Jacket,nm0397441
Full Metal Jacket,nm0397124
Die Hard,nm0000246
Die Hard,nm0000614
Die Hard,nm0000889
Die Hard,nm0001817
Die Hard,nm0322339
Die Hard,nm0924636
Die Hard,nm0040472
Hotaru no haka,nm0851302
Hotaru no haka,nm0794186
Hotaru no haka,nm0945312
Hotaru no haka,nm0794002
Hotaru no haka,nm12329614
Hotaru no haka,nm10735745
Hotaru no haka,nm12329615
Cinema Paradiso,nm0634159
Cinema Paradiso,nm0134073
Cinema Paradiso,nm0041066
Cinema Paradiso,nm0199774
Cinema Paradiso,nm0347842
Cinema Paradiso,nm0502813
Cinema Paradiso,nm0535991
My Neighbor Totoro,nm0847054
My Neighbor Totoro,nm0383022
My Neighbor Totoro,nm0757076
My Neighbor Totoro,nm0411790
My Neighbor Totoro,nm0793585
My Neighbor Totoro,nm0457498
My Neighbor Totoro,nm0555483
Dead Poets Society,nm0000245
Dead Poets Society,nm0000494
Dead Poets Society,nm0000160
Dead Poets Society,nm0001038
Dead Poets Society,nm0360796
Dead Poets Society,nm0476378
Dead Poets Society,nm0749456
Indiana Jones and the Last Crusade,nm0000148
Indiana Jones and the Last Crusade,nm0000125
Indiana Jones and the Last Crusade,nm0233145
Indiana Jones and the Last Crusade,nm0001186
Indiana Jones and the Last Crusade,nm0722636
Indiana Jones and the Last Crusade,nm0002103
Indiana Jones and the Last Crusade,nm0000203
Goodfellas,nm0000134
Goodfellas,nm0000501
Goodfellas,nm0000582
Goodfellas,nm0000966
Goodfellas,nm0000649
Goodfellas,nm0803370
Goodfellas,nm0201700
Beauty and the Beast,nm0641314
Beauty and the Beast,nm0000913
Beauty and the Beast,nm0181425
Beauty and the Beast,nm0263591
Beauty and the Beast,nm0001450
Beauty and the Beast,nm0001583
Beauty and the Beast,nm0682300
The Silence of the Lambs,nm0000149
The Silence of the Lambs,nm0000164
The Silence of the Lambs,nm0095029
The Silence of the Lambs,nm0501435
The Silence of the Lambs,nm0942145
The Silence of the Lambs,nm0001277
The Silence of the Lambs,nm0372217
Terminator 2: Judgment Day,nm0000216
Terminator 2: Judgment Day,nm0000157
Terminator 2: Judgment Day,nm0000411
Terminator 2: Judgment Day,nm0001598
Terminator 2: Judgment Day,nm0091286
Terminator 2: Judgment Day,nm0608012
Terminator 2: Judgment Day,nm0580924
Aladdin,nm0918334
Aladdin,nm0000245
Aladdin,nm0488306
Aladdin,nm0293455
Aladdin,nm0919798
Aladdin,nm0331906
Aladdin,nm0780528
Reservoir Dogs,nm0000172
Reservoir Dogs,nm0000619
Reservoir Dogs,nm0000514
Reservoir Dogs,nm0001606
Reservoir Dogs,nm0000114
Reservoir Dogs,nm0862937
Reservoir Dogs,nm0112207
Unforgiven,nm0000142
Unforgiven,nm0000432
Unforgiven,nm0000151
Unforgiven,nm0001321
Unforgiven,nm0941316
Unforgiven,nm0007210
Unforgiven,nm0004920
Groundhog Day,nm0000195
Groundhog Day,nm0000510
Groundhog Day,nm0254402
Groundhog Day,nm0864997
Groundhog Day,nm0236519
Groundhog Day,nm0313882
Groundhog Day,nm0665708
In the Name of the Father,nm0000358
In the Name of the Father,nm0000592
In the Name of the Father,nm0188949
In the Name of the Father,nm2535022
In the Name of the Father,nm0000668
In the Name of the Father,nm0380248
In the Name of the Father,nm0112390
Jurassic Park,nm0000554
Jurassic Park,nm0000368
Jurassic Park,nm0000156
Jurassic Park,nm0000277
Jurassic Park,nm0669629
Jurassic Park,nm0274684
Jurassic Park,nm0000703
Schindler's List,nm0000553
Schindler's List,nm0000146
Schindler's List,nm0001426
Schindler's List,nm0328751
Schindler's List,nm0755974
Schindler's List,nm0001110
Schindler's List,nm0311343
Forrest Gump,nm0000158
Forrest Gump,nm0000705
Forrest Gump,nm0000641
Forrest Gump,nm0000398
Forrest Gump,nm0931508
Forrest Gump,nm0402011
Forrest Gump,nm0381041
The Lion King,nm0000111
The Lion King,nm0000460
The Lion King,nm0000469
The Lion King,nm0000155
The Lion King,nm0000100
The Lion King,nm0129295
The Lion King,nm0191906
Leon: The Professional,nm0000606
Leon: The Professional,nm0000198
Leon: The Professional,nm0000204
Leon: The Professional,nm0000732
Leon: The Professional,nm0032216
Leon: The Professional,nm0089112
Leon: The Professional,nm0187199
Pulp Fiction,nm0000237
Pulp Fiction,nm0000235
Pulp Fiction,nm0000168
Pulp Fiction,nm0000246
Pulp Fiction,nm0000619
Pulp Fiction,nm0001625
Pulp Fiction,nm0522503
The Shawshank Redemption,nm0000209
The Shawshank Redemption,nm0000151
The Shawshank Redemption,nm0348409
The Shawshank Redemption,nm0006669
The Shawshank Redemption,nm0000317
The Shawshank Redemption,nm0004743
The Shawshank Redemption,nm0001679
Before Sunrise,nm0000160
Before Sunrise,nm0000365
Before Sunrise,nm0248600
Before Sunrise,nm0702541
Before Sunrise,nm0115690
Before Sunrise,nm0748239
Before Sunrise,nm0542278
Braveheart,nm0000154
Braveheart,nm0000521
Braveheart,nm0001526
Braveheart,nm0005171
Braveheart,nm0732703
Braveheart,nm0492566
Braveheart,nm0625729
Casino,nm0000134
Casino,nm0000232
Casino,nm0000582
Casino,nm0000249
Casino,nm0725543
Casino,nm0454418
Casino,nm0001629
La haine,nm0001993
La haine,nm0468003
La haine,nm0846548
La haine,nm0315760
La haine,nm0813217
La haine,nm0597384
La haine,nm0712205
Heat,nm0000199
Heat,nm0000134
Heat,nm0000174
Heat,nm0000685
Heat,nm0001744
Heat,nm0893204
Heat,nm0000312
Se7en,nm0000151
Se7en,nm0000093
Se7en,nm0000228
Se7en,nm0001825
Se7en,nm0669254
Se7en,nm0000569
Se7en,nm0144307
Toy Story,nm0000158
Toy Story,nm0000741
Toy Story,nm0725543
Toy Story,nm0001815
Toy Story,nm0001728
Toy Story,nm0001652
Toy Story,nm0001633
The Usual Suspects,nm0000228
The Usual Suspects,nm0000321
The Usual Suspects,nm0001590
The Usual Suspects,nm0000286
The Usual Suspects,nm0001125
The Usual Suspects,nm0001629
The Usual Suspects,nm0000592
Fargo,nm0000513
Fargo,nm0000531
Fargo,nm0000114
Fargo,nm0001780
Fargo,nm0749021
Fargo,nm0696193
Fargo,nm0219301
Trainspotting,nm0000191
Trainspotting,nm0001971
Trainspotting,nm0001538
Trainspotting,nm0571727
Trainspotting,nm0001015
Trainspotting,nm0531808
Trainspotting,nm0611932
The Big Lebowski,nm0000313
The Big Lebowski,nm0000422
The Big Lebowski,nm0000194
The Big Lebowski,nm0000114
The Big Lebowski,nm0399663
The Big Lebowski,nm0000450
The Big Lebowski,nm0005346
Life Is Beautiful,nm0000905
Life Is Beautiful,nm0000971
Life Is Beautiful,nm0134493
Life Is Beautiful,nm0243842
Life Is Beautiful,nm0082979
Life Is Beautiful,nm0004650
Life Is Beautiful,nm0001976
Children of Heaven,nm0619870
Children of Heaven,nm0268488
Children of Heaven,nm0781245
Children of Heaven,nm0415412
Children of Heaven,nm0764710
Children of Heaven,nm0592395
Children of Heaven,nm0706325
Good Will Hunting,nm0000245
Good Will Hunting,nm0000354
Good Will Hunting,nm0000255
Good Will Hunting,nm0001745
Good Will Hunting,nm0585906
Good Will Hunting,nm0538259
Good Will Hunting,nm0565494
L.A. Confidential,nm0000228
L.A. Confidential,nm0000128
L.A. Confidential,nm0001602
L.A. Confidential,nm0000107
L.A. Confidential,nm0000342
L.A. Confidential,nm0000362
L.A. Confidential,nm0000657
Mononoke-hime,nm0559444
Mononoke-hime,nm0410942
Mononoke-hime,nm0849100
Mononoke-hime,nm0001082
Mononoke-hime,nm0000671
Mononoke-hime,nm0000378
Mononoke-hime,nm0224007
The Truman Show,nm0000120
The Truman Show,nm0000438
The Truman Show,nm0001473
The Truman Show,nm0001187
The Truman Show,nm0001523
The Truman Show,nm0852466
The Truman Show,nm0216507
American History X,nm0001570
American History X,nm0000411
American History X,nm0000350
American History X,nm0000497
American History X,nm0839486
American History X,nm0000103
American History X,nm0000984
The Green Mile,nm0000158
The Green Mile,nm0003817
The Green Mile,nm0001556
The Green Mile,nm0001372
The Green Mile,nm0000342
The Green Mile,nm0005052
The Green Mile,nm0001295
"Lock, Stock and Two Smoking Barrels",nm0002076
"Lock, Stock and Two Smoking Barrels",nm0002077
"Lock, Stock and Two Smoking Barrels",nm0602941
"Lock, Stock and Two Smoking Barrels",nm0005458
"Lock, Stock and Two Smoking Barrels",nm0533599
"Lock, Stock and Two Smoking Barrels",nm0746583
"Lock, Stock and Two Smoking Barrels",nm0546017
The Lord of the Rings: The Fellowship of the Ring,nm0000704
The Lord of the Rings: The Fellowship of the Ring,nm0005212
The Lord of the Rings: The Fellowship of the Ring,nm0089217
The Lord of the Rings: The Fellowship of the Ring,nm0000293
The Lord of the Rings: The Fellowship of the Ring,nm0397102
The Lord of the Rings: The Fellowship of the Ring,nm0032370
The Lord of the Rings: The Fellowship of the Ring,nm0000276
Saving Private Ryan,nm0000158
Saving Private Ryan,nm0000354
Saving Private Ryan,nm0001744
Saving Private Ryan,nm0122653
Saving Private Ryan,nm0001608
Saving Private Ryan,nm0004965
Saving Private Ryan,nm0004874
The Matrix,nm0000206
The Matrix,nm0000401
The Matrix,nm0005251
The Matrix,nm0915989
The Matrix,nm0287825
The Matrix,nm0001592
The Matrix,nm0159059
Fight Club,nm0000093
Fight Club,nm0001570
Fight Club,nm0001533
Fight Club,nm0340260
Fight Club,nm0037118
Fight Club,nm0028625
Fight Club,nm0536574
The Lord of the Rings: The Return of the King,nm0000704
The Lord of the Rings: The Return of the King,nm0001557
The Lord of the Rings: The Return of the King,nm0005212
The Lord of the Rings: The Return of the King,nm0089217
The Lord of the Rings: The Return of the King,nm0032370
The Lord of the Rings: The Return of the King,nm0040012
The Lord of the Rings: The Return of the King,nm0000276
The Lord of the Rings: The Two Towers,nm0000704
The Lord of the Rings: The Two Towers,nm0005212
The Lord of the Rings: The Two Towers,nm0001557
The Lord of the Rings: The Two Towers,nm0089217
The Lord of the Rings: The Two Towers,nm0021600
The Lord of the Rings: The Two Towers,nm0000276
The Lord of the Rings: The Two Towers,nm0045324
The Sixth Sense,nm0000246
The Sixth Sense,nm0005286
The Sixth Sense,nm0001057
The Sixth Sense,nm0931404
The Sixth Sense,nm0605080
The Sixth Sense,nm0005531
The Sixth Sense,nm0848534
American Beauty,nm0000228
American Beauty,nm0000906
American Beauty,nm0000301
American Beauty,nm0004747
American Beauty,nm0002546
American Beauty,nm0001251
American Beauty,nm0005049
Gladiator,nm0000128
Gladiator,nm0001618
Gladiator,nm0001567
Gladiator,nm0001657
Gladiator,nm0001321
Gladiator,nm0001394
Gladiator,nm0005023
Requiem for a Dream,nm0000995
Requiem for a Dream,nm0001467
Requiem for a Dream,nm0000124
Requiem for a Dream,nm0005541
Requiem for a Dream,nm0001520
Requiem for a Dream,nm0489837
Requiem for a Dream,nm0476040
"Monsters, Inc.",nm0000345
"Monsters, Inc.",nm0000422
"Monsters, Inc.",nm0316701
"Monsters, Inc.",nm0000114
"Monsters, Inc.",nm0000336
"Monsters, Inc.",nm0000236
"Monsters, Inc.",nm0677037
Snatch,nm0005458
Snatch,nm0000093
Snatch,nm0334318
Snatch,nm0005068
Snatch,nm0011744
Snatch,nm0065307
Snatch,nm0065874
Memento,nm0001602
Memento,nm0005251
Memento,nm0001592
Memento,nm0095478
Memento,nm0270383
Memento,nm0289080
Memento,nm0864997
Amelie,nm0851582
Amelie,nm0440913
Amelie,nm0749363
Amelie,nm0186677
Amelie,nm0581014
Amelie,nm0213354
Amelie,nm0597042
Sen to Chihiro no kamikakushi,nm0153738
Sen to Chihiro no kamikakushi,nm0687189
Sen to Chihiro no kamikakushi,nm0997115
Sen to Chihiro no kamikakushi,nm0383708
Sen to Chihiro no kamikakushi,nm0622412
Sen to Chihiro no kamikakushi,nm0619822
Sen to Chihiro no kamikakushi,nm0768005
Amores perros,nm0248408
Amores perros,nm0305558
Amores perros,nm0865949
Amores perros,nm0346270
Amores perros,nm0061639
Amores perros,nm0758364
Amores perros,nm0702270
The Pianist,nm0004778
The Pianist,nm0470981
The Pianist,nm0277975
The Pianist,nm0288976
The Pianist,nm0954076
The Pianist,nm0832380
The Pianist,nm0513520
Catch Me If You Can,nm0000138
Catch Me If You Can,nm0000158
Catch Me If You Can,nm0000686
Catch Me If You Can,nm0000640
Catch Me If You Can,nm0000882
Catch Me If You Can,nm0010736
Catch Me If You Can,nm0000981
Finding Nemo,nm0000983
Finding Nemo,nm0001122
Finding Nemo,nm1071252
Finding Nemo,nm0000353
Finding Nemo,nm0004951
Finding Nemo,nm0005049
Finding Nemo,nm0671721
Kill Bill: Vol. 1,nm0000235
Kill Bill: Vol. 1,nm0001016
Kill Bill: Vol. 1,nm0000435
Kill Bill: Vol. 1,nm0000514
Kill Bill: Vol. 1,nm0005154
Kill Bill: Vol. 1,nm0000407
Kill Bill: Vol. 1,nm0237838
A Beautiful Mind,nm0000128
A Beautiful Mind,nm0000438
A Beautiful Mind,nm0000124
A Beautiful Mind,nm0001626
A Beautiful Mind,nm0079273
A Beautiful Mind,nm0004965
A Beautiful Mind,nm0524197
City of God,nm1179105
City of God,nm1129884
City of God,nm0618690
City of God,nm1249574
City of God,nm1179683
City of God,nm1178560
City of God,nm1179580
The Incredibles,nm0005266
The Incredibles,nm0000168
The Incredibles,nm0000456
The Incredibles,nm0005134
The Incredibles,nm0521861
The Incredibles,nm0628599
The Incredibles,nm0801548
Pirates of the Caribbean: The Curse of the Black Pearl,nm0000136
Pirates of the Caribbean: The Curse of the Black Pearl,nm0001691
Pirates of the Caribbean: The Curse of the Black Pearl,nm0089217
Pirates of the Caribbean: The Curse of the Black Pearl,nm0461136
Pirates of the Caribbean: The Curse of the Black Pearl,nm0202603
Pirates of the Caribbean: The Curse of the Black Pearl,nm0000596
Pirates of the Caribbean: The Curse of the Black Pearl,nm0034305
Eternal Sunshine of the Spotless Mind,nm0000120
Eternal Sunshine of the Spotless Mind,nm0000701
Eternal Sunshine of the Spotless Mind,nm0929489
Eternal Sunshine of the Spotless Mind,nm0004423
Eternal Sunshine of the Spotless Mind,nm0000704
Eternal Sunshine of the Spotless Mind,nm0752876
Eternal Sunshine of the Spotless Mind,nm0749263
Howl's Moving Castle,nm0047962
Howl's Moving Castle,nm0454120
Howl's Moving Castle,nm0309107
Howl's Moving Castle,nm0594271
Howl's Moving Castle,nm1126340
Howl's Moving Castle,nm0410659
Howl's Moving Castle,nm1126978
Memories of Murder,nm0814280
Memories of Murder,nm1235292
Memories of Murder,nm1323287
Memories of Murder,nm1138201
Memories of Murder,nm1322404
Memories of Murder,nm1325300
Memories of Murder,nm3797160
Inglourious Basterds,nm0000093
Inglourious Basterds,nm1208167
Inglourious Basterds,nm0744834
Inglourious Basterds,nm0491259
Inglourious Basterds,nm0910607
Inglourious Basterds,nm1055413
Inglourious Basterds,nm0117709
Downfall,nm0004486
Downfall,nm0487884
Downfall,nm0559890
Downfall,nm0477810
Downfall,nm0362896
Downfall,nm0272224
Downfall,nm0075321
Oldboy,nm0158856
Oldboy,nm0949167
Oldboy,nm1367246
Oldboy,nm1366028
Oldboy,nm1203041
Oldboy,nm1367681
Oldboy,nm1800416
Batman Begins,nm0000288
Batman Begins,nm0000323
Batman Begins,nm0913822
Batman Begins,nm0000553
Batman Begins,nm0005017
Batman Begins,nm0000198
Batman Begins,nm0614165
Before Sunset,nm0000160
Before Sunset,nm0000365
Before Sunset,nm0229943
Before Sunset,nm1195302
Before Sunset,nm0667416
Before Sunset,nm1242048
Before Sunset,nm1578895
Ratatouille,nm0004951
Ratatouille,nm0738918
Ratatouille,nm0652663
Ratatouille,nm0000453
Ratatouille,nm0001133
Ratatouille,nm0812307
Ratatouille,nm0000564
Hotel Rwanda,nm0000332
Hotel Rwanda,nm0645683
Hotel Rwanda,nm0001618
Hotel Rwanda,nm1796730
Hotel Rwanda,nm0239221
Hotel Rwanda,nm0434444
Hotel Rwanda,nm0450961
The Lives of Others,nm0618057
The Lives of Others,nm0311476
The Lives of Others,nm0462407
The Lives of Others,nm0876300
The Lives of Others,nm0857998
The Lives of Others,nm0061830
The Lives of Others,nm0459087
Million Dollar Baby,nm0005476
Million Dollar Baby,nm0000142
Million Dollar Baby,nm0000151
Million Dollar Baby,nm0059431
Million Dollar Baby,nm1591496
Million Dollar Baby,nm0726900
Million Dollar Baby,nm0639928
The Departed,nm0000138
The Departed,nm0000354
The Departed,nm0000197
The Departed,nm0000242
The Departed,nm0000640
The Departed,nm0935653
The Departed,nm0267812
V for Vendetta,nm0915989
V for Vendetta,nm0000204
V for Vendetta,nm0001291
V for Vendetta,nm0001653
V for Vendetta,nm0000410
V for Vendetta,nm0000457
V for Vendetta,nm0683116
Toy Story 3,nm0000158
Toy Story 3,nm0000741
Toy Story 3,nm0000349
Toy Story 3,nm0000885
Toy Story 3,nm0725543
Toy Story 3,nm0000474
Toy Story 3,nm0001728
Pan's Labyrinth,nm1419440
Pan's Labyrinth,nm0317725
Pan's Labyrinth,nm0530365
Pan's Labyrinth,nm0893941
Pan's Labyrinth,nm0427964
Pan's Labyrinth,nm0029962
Pan's Labyrinth,nm1254805
The Dark Knight,nm0000288
The Dark Knight,nm0005132
The Dark Knight,nm0001173
The Dark Knight,nm0000323
The Dark Knight,nm0350454
The Dark Knight,nm0000198
The Dark Knight,nm0000151
There Will Be Blood,nm0000358
There Will Be Blood,nm0200452
There Will Be Blood,nm0001354
There Will Be Blood,nm2872491
There Will Be Blood,nm2872058
There Will Be Blood,nm2871845
There Will Be Blood,nm2872133
My Father and My Son,nm1002038
My Father and My Son,nm0476334
My Father and My Son,nm0406157
My Father and My Son,nm2020015
My Father and My Son,nm0783072
My Father and My Son,nm1698738
My Father and My Son,nm1300254
No Country for Old Men,nm0000169
No Country for Old Men,nm0000849
No Country for Old Men,nm0000982
No Country for Old Men,nm0000437
No Country for Old Men,nm0531808
No Country for Old Men,nm0226813
No Country for Old Men,nm0002128
The Prestige,nm0000288
The Prestige,nm0413168
The Prestige,nm0424060
The Prestige,nm0000323
The Prestige,nm0005305
The Prestige,nm0356017
The Prestige,nm2195817
Into the Wild,nm0386472
Into the Wild,nm0000681
Into the Wild,nm0001416
Into the Wild,nm0001315
Into the Wild,nm0000458
Into the Wild,nm0540441
Into the Wild,nm1619626
Interstellar,nm0000190
Interstellar,nm0004266
Interstellar,nm1567113
Interstellar,nm3237775
Interstellar,nm0000995
Interstellar,nm0001475
Interstellar,nm3154303
How to Train Your Dragon,nm0059431
How to Train Your Dragon,nm0124930
How to Train Your Dragon,nm2395586
How to Train Your Dragon,nm0272401
How to Train Your Dragon,nm1065229
How to Train Your Dragon,nm1706767
How to Train Your Dragon,nm2554352
WALL-E,nm0123785
WALL-E,nm2264184
WALL-E,nm0307531
WALL-E,nm0929609
WALL-E,nm3050831
WALL-E,nm0001652
WALL-E,nm0001562
Mary and Max.,nm0001057
Mary and Max.,nm0000450
Mary and Max.,nm0051509
Mary and Max.,nm0402032
Mary and Max.,nm1814260
Mary and Max.,nm8784422
Mary and Max.,nm8784423
Taare Zameen Par,nm2594301
Taare Zameen Par,nm0451148
Taare Zameen Par,nm1538116
Taare Zameen Par,nm1479650
Taare Zameen Par,nm3222518
Taare Zameen Par,nm2540053
Taare Zameen Par,nm2896015
The Wolf of Wall Street,nm0000138
The Wolf of Wall Street,nm1706767
The Wolf of Wall Street,nm3053338
The Wolf of Wall Street,nm0000190
The Wolf of Wall Street,nm0151419
The Wolf of Wall Street,nm0001661
The Wolf of Wall Street,nm1256532
The Father,nm0000164
The Father,nm1469236
The Father,nm0309693
The Father,nm0931404
The Father,nm1782299
The Father,nm0001722
The Father,nm0223499
Hachi: A Dog's Tale,nm0000152
Hachi: A Dog's Tale,nm0000260
Hachi: A Dog's Tale,nm0846480
Hachi: A Dog's Tale,nm2105255
Hachi: A Dog's Tale,nm0004517
Hachi: A Dog's Tale,nm0042805
Hachi: A Dog's Tale,nm0568672
Up,nm0000799
Up,nm2973712
Up,nm0001652
Up,nm0001626
Up,nm0677037
Up,nm0005148
Up,nm0710019
Spider-Man: No Way Home,nm4043618
Spider-Man: No Way Home,nm3918035
Spider-Man: No Way Home,nm1212722
Spider-Man: No Way Home,nm8188622
Spider-Man: No Way Home,nm0269463
Spider-Man: No Way Home,nm0004937
Spider-Man: No Way Home,nm0000353
Shutter Island,nm0000138
Shutter Island,nm0607865
Shutter Island,nm0749263
Shutter Island,nm0001426
Shutter Island,nm0001884
Shutter Island,nm0931329
Shutter Island,nm0165101
3 Idiots,nm0451148
3 Idiots,nm0534856
3 Idiots,nm1587175
3 Idiots,nm0430817
3 Idiots,nm0004626
3 Idiots,nm1224082
3 Idiots,nm1437925
Harry Potter and the Deathly Hallows: Part 2,nm0705356
Harry Potter and the Deathly Hallows: Part 2,nm0914612
Harry Potter and the Deathly Hallows: Part 2,nm0342488
Harry Potter and the Deathly Hallows: Part 2,nm0002091
Harry Potter and the Deathly Hallows: Part 2,nm0000146
Harry Potter and the Deathly Hallows: Part 2,nm0000614
Harry Potter and the Deathly Hallows: Part 2,nm2121541
Gran Torino,nm0000142
Gran Torino,nm3057402
Gran Torino,nm1542291
Gran Torino,nm3115704
Gran Torino,nm0355083
Gran Torino,nm0400625
Gran Torino,nm2439111
Incendies,nm0044073
Incendies,nm0246386
Incendies,nm0309945
Incendies,nm1323233
Incendies,nm4841645
Incendies,nm0320721
Incendies,nm0108436
Warrior,nm0362766
Warrior,nm0000560
Warrior,nm0249291
Warrior,nm0607185
Warrior,nm0342029
Warrior,nm0242656
Warrior,nm0380073
The Secret in Their Eyes,nm0201857
The Secret in Their Eyes,nm0897845
The Secret in Their Eyes,nm0706567
The Secret in Their Eyes,nm3587952
The Secret in Their Eyes,nm1024390
The Secret in Their Eyes,nm3588006
The Secret in Their Eyes,nm3587916
The Dark Knight Rises,nm0000288
The Dark Knight Rises,nm0362766
The Dark Knight Rises,nm0004266
The Dark Knight Rises,nm0000198
The Dark Knight Rises,nm0330687
The Dark Knight Rises,nm0182839
The Dark Knight Rises,nm0000151
Inception,nm0000138
Inception,nm0330687
Inception,nm0680983
Inception,nm0913822
Inception,nm0362766
Inception,nm2438307
Inception,nm0614165
Mad Max: Fury Road,nm0362766
Mad Max: Fury Road,nm0000234
Mad Max: Fury Road,nm0396558
Mad Max: Fury Road,nm2368789
Mad Max: Fury Road,nm0117412
Mad Max: Fury Road,nm2890541
Mad Max: Fury Road,nm0428923
Prisoners,nm0413168
Prisoners,nm0350453
Prisoners,nm0205626
Prisoners,nm0502425
Prisoners,nm0004742
Prisoners,nm0005024
Prisoners,nm0200452
The Help,nm1297015
The Help,nm0205626
The Help,nm0818055
The Help,nm0397171
The Help,nm1567113
The Help,nm1501738
The Help,nm0005049
Jai Bhim,nm1421814
Jai Bhim,nm7934649
Jai Bhim,nm8904193
Jai Bhim,nm8135195
Jai Bhim,nm0695177
Jai Bhim,nm3559559
Jai Bhim,nm5626435
The Intouchables,nm0167388
The Intouchables,nm1082477
The Intouchables,nm0494504
The Intouchables,nm1109153
The Intouchables,nm1525639
The Intouchables,nm0597042
The Intouchables,nm2031248
Top Gun: Maverick,nm0000129
Top Gun: Maverick,nm0000124
Top Gun: Maverick,nm1886602
Top Gun: Maverick,nm0000174
Top Gun: Maverick,nm1506981
Top Gun: Maverick,nm0358316
Top Gun: Maverick,nm0663174
A Separation,nm1818216
A Separation,nm0368689
A Separation,nm4299147
A Separation,nm1486911
A Separation,nm4299072
A Separation,nm0953423
A Separation,nm4297889
Django Unchained,nm0004937
Django Unchained,nm0910607
Django Unchained,nm0000138
Django Unchained,nm0913488
Django Unchained,nm0000168
Django Unchained,nm0324658
Django Unchained,nm0160550
Spotlight,nm0749263
Spotlight,nm0000474
Spotlight,nm1046097
Spotlight,nm0000630
Spotlight,nm0805476
Spotlight,nm0195421
Spotlight,nm0001804
Ford v Ferrari,nm0000354
Ford v Ferrari,nm0000288
Ford v Ferrari,nm1256532
Ford v Ferrari,nm1495520
Ford v Ferrari,nm0524197
Ford v Ferrari,nm7415871
Ford v Ferrari,nm0504832
Rush,nm0117709
Rush,nm1165110
Rush,nm1312575
Rush,nm0487884
Rush,nm0269419
Rush,nm0129464
Rush,nm1754059
12 Years a Slave,nm0252230
12 Years a Slave,nm0931324
12 Years a Slave,nm1055413
12 Years a Slave,nm0000093
12 Years a Slave,nm4833412
12 Years a Slave,nm6003176
12 Years a Slave,nm0061262
Inside Out,nm0688132
Inside Out,nm0352778
Inside Out,nm0085400
Inside Out,nm1411676
Inside Out,nm0809613
Inside Out,nm0454236
Inside Out,nm4609731
The Hunt,nm0586568
The Hunt,nm0488917
The Hunt,nm5038871
The Hunt,nm5039026
The Hunt,nm0937622
The Hunt,nm0368482
The Hunt,nm1046521
Hacksaw Ridge,nm1940449
Hacksaw Ridge,nm0941777
Hacksaw Ridge,nm3478396
Hacksaw Ridge,nm1954240
Hacksaw Ridge,nm1372922
Hacksaw Ridge,nm5681790
Hacksaw Ridge,nm5490799
Gone Girl,nm0000255
Gone Girl,nm0683253
Gone Girl,nm0000439
Gone Girl,nm1347153
Gone Girl,nm4689420
Gone Girl,nm0225332
Gone Girl,nm0297578
The Grand Budapest Hotel,nm0000146
The Grand Budapest Hotel,nm0000719
The Grand Budapest Hotel,nm0023832
The Grand Budapest Hotel,nm0004778
The Grand Budapest Hotel,nm0000353
The Grand Budapest Hotel,nm0000156
The Grand Budapest Hotel,nm0000172
Coco,nm5645519
Coco,nm0305558
Coco,nm0000973
Coco,nm0005513
Coco,nm0896149
Coco,nm0131781
Coco,nm0000778
Whiplash,nm1886602
Whiplash,nm0799777
Whiplash,nm2552034
Whiplash,nm0001663
Whiplash,nm3271473
Whiplash,nm4336119
Whiplash,nm0611889
Wild Tales,nm0334882
Wild Tales,nm0555404
Wild Tales,nm0897640
Wild Tales,nm0823435
Wild Tales,nm1254515
Wild Tales,nm3004685
Wild Tales,nm3692508
Room,nm0488953
Room,nm5016878
Room,nm0108703
Room,nm0187724
Room,nm3223622
Room,nm0330438
Room,nm0115760
Logan,nm0413168
Logan,nm0001772
Logan,nm6748436
Logan,nm2933542
Logan,nm0580351
Logan,nm0735300
Logan,nm0001290
The Handmaiden,nm1195119
The Handmaiden,nm1978402
The Handmaiden,nm2437361
The Handmaiden,nm0600668
The Handmaiden,nm3892241
The Handmaiden,nm1079857
The Handmaiden,nm8621196
Avengers: Infinity War,nm0000375
Avengers: Infinity War,nm1165110
Avengers: Infinity War,nm0749263
Avengers: Infinity War,nm0262635
Avengers: Infinity War,nm0424060
Avengers: Infinity War,nm0000332
Avengers: Infinity War,nm1212722
Avengers: Endgame,nm0000375
Avengers: Endgame,nm0262635
Avengers: Endgame,nm0749263
Avengers: Endgame,nm1165110
Avengers: Endgame,nm0424060
Avengers: Endgame,nm0719637
Avengers: Endgame,nm0000332
Spider-Man: Into the Spider-Verse,nm4271336
Spider-Man: Into the Spider-Verse,nm2159926
Spider-Man: Into the Spider-Verse,nm2794962
Spider-Man: Into the Spider-Verse,nm0991810
Spider-Man: Into the Spider-Verse,nm3109964
Spider-Man: Into the Spider-Verse,nm0005499
Spider-Man: Into the Spider-Verse,nm0904967
Klaus,nm0005403
Klaus,nm0799777
Klaus,nm0429069
Klaus,nm0766005
Klaus,nm10520267
Klaus,nm0655053
Klaus,nm0005172
"Three Billboards Outside Ebbing, Missouri",nm0000531
"Three Billboards Outside Ebbing, Missouri",nm0000437
"Three Billboards Outside Ebbing, Missouri",nm0005377
"Three Billboards Outside Ebbing, Missouri",nm2655177
"Three Billboards Outside Ebbing, Missouri",nm0174403
"Three Billboards Outside Ebbing, Missouri",nm6019128
"Three Billboards Outside Ebbing, Missouri",nm4654982
Dangal,nm0451148
Dangal,nm2799219
Dangal,nm0760778
Dangal,nm7621667
Dangal,nm6269780
Dangal,nm7621668
Dangal,nm7621669
Kimi no na wa.,nm1126340
Kimi no na wa.,nm4759838
Kimi no na wa.,nm6954008
Kimi no na wa.,nm2976492
Kimi no na wa.,nm4858403
Kimi no na wa.,nm5481013
Kimi no na wa.,nm4411190
Everything Everywhere All at Once,nm0000706
Everything Everywhere All at Once,nm3513533
Everything Everywhere All at Once,nm0702841
Everything Everywhere All at Once,nm0393222
Everything Everywhere All at Once,nm0000130
Everything Everywhere All at Once,nm3303059
Everything Everywhere All at Once,nm2809577
Parasite,nm0814280
Parasite,nm1310525
Parasite,nm1856097
Parasite,nm6079248
Parasite,nm6476224
Parasite,nm7553003
Parasite,nm4525883
Green Book,nm0001557
Green Book,nm0991810
Green Book,nm0004802
Green Book,nm1724319
Green Book,nm1221253
Green Book,nm2273391
Green Book,nm0126260
Joker,nm0001618
Joker,nm0000134
Joker,nm5939164
Joker,nm0175814
Joker,nm0191442
Joker,nm0924154
Joker,nm0131966
Capernaum,nm9862858
Capernaum,nm9862859
Capernaum,nm9862860
Capernaum,nm10201625
Capernaum,nm5765775
Capernaum,nm10201626
Capernaum,nm10201627
Hamilton,nm0592135
Hamilton,nm5623883
Hamilton,nm1502434
Hamilton,nm0325989
Hamilton,nm4377526
Hamilton,nm2676147
Hamilton,nm1862960
1917,nm2835616
1917,nm1126657
1917,nm0990547
1917,nm0000147
1917,nm2553988
1917,nm5121393
1917,nm4078775
