cast_id,cast_name
nm0000006,Ingrid Bergman
nm0000007,Humphrey Bogart
nm0000008,Marlon Brando
nm0000012,Bette Davis
nm0000017,Marlene Dietrich
nm0000018,Kirk Douglas
nm0000020,Henry Fonda
nm0000021,Joan Fontaine
nm0000022,Clark Gable
nm0000023,Judy Garland
nm0000024,John Gielgud
nm0000026,Cary Grant
nm0000027,Alec Guinness
nm0000032,Charlton Heston
nm0000034,William Holden
nm0000036,Buster Keaton
nm0000037,Gene Kelly
nm0000038,Grace Kelly
nm0000044,Burt Lancaster
nm0000046,Vivien Leigh
nm0000048,Peter Lorre
nm0000051,James Mason
nm0000054,Marilyn Monroe
nm0000056,Paul Newman
nm0000059,Laurence Olivier
nm0000060,Gregory Peck
nm0000061,Tyrone Power
nm0000063,Anthony Quinn
nm0000064,Edward G Robinson
nm0000071,James Stewart
nm0000075,Spencer Tracy
nm0000080,Orson Welles
nm0000092,John Cleese
nm0000093,Brad Pitt
nm0000100,Rowan Atkinson
nm0000103,Fairuza Balk
nm0000107,Kim Basinger
nm0000111,Matthew Broderick
nm0000114,Steve Buscemi
nm0000120,Jim Carrey
nm0000122,Charles Chaplin
nm0000124,Jennifer Connelly
nm0000125,Sean Connery
nm0000128,Russell Crowe
nm0000129,Tom Cruise
nm0000130,Jamie Lee Curtis
nm0000134,Robert De Niro
nm0000136,Johnny Depp
nm0000138,Leonardo DiCaprio
nm0000142,Clint Eastwood
nm0000146,Ralph Fiennes
nm0000147,Colin Firth
nm0000148,Harrison Ford
nm0000149,Jodie Foster
nm0000150,Michael J Fox
nm0000151,Morgan Freeman
nm0000152,Richard Gere
nm0000154,Mel Gibson
nm0000155,Whoopi Goldberg
nm0000156,Jeff Goldblum
nm0000157,Linda Hamilton
nm0000158,Tom Hanks
nm0000160,Ethan Hawke
nm0000164,Anthony Hopkins
nm0000168,Samuel L Jackson
nm0000169,Tommy Lee Jones
nm0000172,Harvey Keitel
nm0000174,Val Kilmer
nm0000190,Matthew McConaughey
nm0000191,Ewan McGregor
nm0000194,Julianne Moore
nm0000195,Bill Murray
nm0000197,Jack Nicholson
nm0000198,Gary Oldman
nm0000199,Al Pacino
nm0000200,Bill Paxton
nm0000201,Michelle Pfeiffer
nm0000203,River Phoenix
nm0000204,Natalie Portman
nm0000206,Keanu Reeves
nm0000209,Tim Robbins
nm0000216,Arnold Schwarzenegger
nm0000221,Charlie Sheen
nm0000228,Kevin Spacey
nm0000230,Sylvester Stallone
nm0000232,Sharon Stone
nm0000234,Charlize Theron
nm0000235,Uma Thurman
nm0000236,Jennifer Tilly
nm0000237,John Travolta
nm0000242,Mark Wahlberg
nm0000244,Sigourney Weaver
nm0000245,Robin Williams
nm0000246,Bruce Willis
nm0000249,James Woods
nm0000255,Ben Affleck
nm0000260,Joan Allen
nm0000261,Karen Allen
nm0000267,Julie Andrews
nm0000276,Sean Astin
nm0000277,Richard Attenborough
nm0000284,Adam Baldwin
nm0000286,Stephen Baldwin
nm0000288,Christian Bale
nm0000293,Sean Bean
nm0000297,Tom Berenger
nm0000298,Candice Bergen
nm0000299,Michael Biehn
nm0000301,Thora Birch
nm0000304,Linda Blair
nm0000312,Amy Brenneman
nm0000313,Jeff Bridges
nm0000314,Charles Bronson
nm0000317,Clancy Brown
nm0000321,Gabriel Byrne
nm0000323,Michael Caine
nm0000332,Don Cheadle
nm0000336,James Coburn
nm0000342,James Cromwell
nm0000345,Billy Crystal
nm0000348,Tony Curtis
nm0000349,Joan Cusack
nm0000350,Beverly DAngelo
nm0000352,Vincent DOnofrio
nm0000353,Willem Dafoe
nm0000354,Matt Damon
nm0000355,Anthony Daniels
nm0000358,Daniel Day Lewis
nm0000362,Danny DeVito
nm0000365,Julie Delpy
nm0000368,Laura Dern
nm0000375,Robert Downey Jr
nm0000377,Richard Dreyfuss
nm0000378,Minnie Driver
nm0000380,Robert Duvall
nm0000388,R Lee Ermey
nm0000397,Corey Feldman
nm0000398,Sally Field
nm0000401,Laurence Fishburne
nm0000402,Carrie Fisher
nm0000407,Vivica A Fox
nm0000410,Stephen Fry
nm0000411,Edward Furlong
nm0000416,Terry Gilliam
nm0000417,Crispin Glover
nm0000422,John Goodman
nm0000432,Gene Hackman
nm0000434,Mark Hamill
nm0000435,Daryl Hannah
nm0000437,Woody Harrelson
nm0000438,Ed Harris
nm0000439,Neil Patrick Harris
nm0000442,Rutger Hauer
nm0000448,Lance Henriksen
nm0000450,Philip Seymour Hoffman
nm0000453,Ian Holm
nm0000456,Holly Hunter
nm0000457,John Hurt
nm0000458,William Hurt
nm0000460,Jeremy Irons
nm0000469,James Earl Jones
nm0000470,Jeffrey Jones
nm0000473,Diane Keaton
nm0000474,Michael Keaton
nm0000493,Jack Lemmon
nm0000494,Robert Sean Leonard
nm0000497,Jennifer Lien
nm0000501,Ray Liotta
nm0000502,Christopher Lloyd
nm0000510,Andie MacDowell
nm0000511,Shirley MacLaine
nm0000513,William H Macy
nm0000514,Michael Madsen
nm0000521,Sophie Marceau
nm0000531,Frances McDormand
nm0000532,Malcolm McDowell
nm0000537,Steve McQueen
nm0000546,Matthew Modine
nm0000547,Alfred Molina
nm0000553,Liam Neeson
nm0000554,Sam Neill
nm0000560,Nick Nolte
nm0000564,Peter OToole
nm0000569,Gwyneth Paltrow
nm0000578,Anthony Perkins
nm0000582,Joe Pesci
nm0000587,Donald Pleasence
nm0000592,Pete Postlethwaite
nm0000596,Jonathan Pryce
nm0000602,Robert Redford
nm0000606,Jean Reno
nm0000614,Alan Rickman
nm0000619,Tim Roth
nm0000621,Kurt Russell
nm0000630,Liev Schreiber
nm0000634,Peter Sellers
nm0000640,Martin Sheen
nm0000641,Gary Sinise
nm0000643,Tom Skerritt
nm0000649,Paul Sorvino
nm0000657,David Strathairn
nm0000658,Meryl Streep
nm0000662,Kiefer Sutherland
nm0000668,Emma Thompson
nm0000670,Lea Thompson
nm0000671,Billy Bob Thornton
nm0000681,Vince Vaughn
nm0000685,Jon Voight
nm0000686,Christopher Walken
nm0000696,Wil Wheaton
nm0000701,Kate Winslet
nm0000703,BD Wong
nm0000704,Elijah Wood
nm0000705,Robin Wright
nm0000706,Michelle Yeoh
nm0000707,Sean Young
nm0000719,F Murray Abraham
nm0000732,Danny Aiello
nm0000741,Tim Allen
nm0000752,Judith Anderson
nm0000761,Bibi Andersson
nm0000763,Dana Andrews
nm0000778,Alfonso Arau
nm0000795,Jean Arthur
nm0000799,Edward Asner
nm0000842,Martin Balsam
nm0000843,Anne Bancroft
nm0000849,Javier Bardem
nm0000859,Lionel Barrymore
nm0000874,Steven Bauer
nm0000879,Anne Baxter
nm0000882,Nathalie Baye
nm0000885,Ned Beatty
nm0000889,Bonnie Bedelia
nm0000895,Barbara Bel Geddes
nm0000905,Roberto Benigni
nm0000906,Annette Bening
nm0000912,Jack Benny
nm0000913,Robby Benson
nm0000925,Steven Berkoff
nm0000931,Elizabeth Berridge
nm0000963,Stephen Boyd
nm0000966,Lorraine Bracco
nm0000971,Nicoletta Braschi
nm0000973,Benjamin Bratt
nm0000979,Wilford Brimley
nm0000981,James Brolin
nm0000982,Josh Brolin
nm0000983,Albert Brooks
nm0000984,Avery Brooks
nm0000992,Billie Burke
nm0000994,Raymond Burr
nm0000995,Ellen Burstyn
nm0001001,James Caan
nm0001003,Simon Callow
nm0001012,Claudia Cardinale
nm0001015,Robert Carlyle
nm0001016,David Carradine
nm0001017,John Carradine
nm0001021,Veronica Cartwright
nm0001030,John Cazale
nm0001037,Graham Chapman
nm0001038,Josh Charles
nm0001050,Montgomery Clift
nm0001055,Claudette Colbert
nm0001057,Toni Collette
nm0001067,Jackie Coogan
nm0001072,Joseph Cotten
nm0001079,Scatman Crothers
nm0001082,Billy Crudup
nm0001088,Peter Cushing
nm0001110,Embeth Davidtz
nm0001122,Ellen DeGeneres
nm0001125,Benicio Del Toro
nm0001133,Brian Dennehy
nm0001143,Kevin Dillon
nm0001158,Keir Dullea
nm0001159,Faye Dunaway
nm0001164,Charles Durning
nm0001167,Shelley Duvall
nm0001169,George Dzundza
nm0001173,Aaron Eckhart
nm0001186,Denholm Elliott
nm0001187,Noah Emmerich
nm0001190,David Prowse
nm0001207,Jose Ferrer
nm0001221,Louise Fletcher
nm0001251,Peter Gallagher
nm0001258,James Garner
nm0001260,John Gavin
nm0001277,Scott Glenn
nm0001290,Richard E Grant
nm0001291,Rupert Graves
nm0001295,Graham Greene
nm0001315,Marcia Gay Harden
nm0001321,Richard Harris
nm0001330,Sterling Hayden
nm0001343,Carrie Henn
nm0001354,Ciaran Hinds
nm0001371,Tom Hulce
nm0001372,Bonnie Hunt
nm0001379,John Huston
nm0001385,Eric Idle
nm0001394,Derek Jacobi
nm0001402,Terry Jones
nm0001416,Catherine Keener
nm0001421,George Kennedy
nm0001426,Ben Kingsley
nm0001428,Klaus Kinski
nm0001430,Jack Klugman
nm0001433,Yaphet Kotto
nm0001450,Angela Lansbury
nm0001452,Charles Laughton
nm0001463,Janet Leigh
nm0001467,Jared Leto
nm0001473,Laura Linney
nm0001475,John Lithgow
nm0001479,Carole Lombard
nm0001485,Myrna Loy
nm0001500,Karl Malden
nm0001510,Strother Martin
nm0001512,Mary Elizabeth Mastrantonio
nm0001520,Christopher McDonald
nm0001523,Natascha McElhone
nm0001526,Patrick McGoohan
nm0001527,Elizabeth McGovern
nm0001533,Meat Loaf
nm0001536,Toshiro Mifune
nm0001537,Ray Milland
nm0001538,Jonny Lee Miller
nm0001547,Agnes Moorehead
nm0001550,Cathy Moriarty
nm0001556,David Morse
nm0001557,Viggo Mortensen
nm0001562,Kathy Najimy
nm0001567,Connie Nielsen
nm0001570,Edward Norton
nm0001571,Kim Novak
nm0001579,Edward James Olmos
nm0001583,Jerry Orbach
nm0001589,Michael Palin
nm0001590,Chazz Palminteri
nm0001592,Joe Pantoliano
nm0001598,Robert Patrick
nm0001602,Guy Pearce
nm0001606,Chris Penn
nm0001608,Barry Pepper
nm0001618,Joaquin Phoenix
nm0001620,Slim Pickens
nm0001625,Amanda Plummer
nm0001626,Christopher Plummer
nm0001629,Kevin Pollak
nm0001633,Annie Potts
nm0001638,Jurgen Prochnow
nm0001647,Claude Rains
nm0001652,John Ratzenberger
nm0001653,Stephen Rea
nm0001656,Donna Reed
nm0001657,Oliver Reed
nm0001660,George Reeves
nm0001661,Rob Reiner
nm0001663,Paul Reiser
nm0001666,Debbie Reynolds
nm0001673,Jason Robards
nm0001679,Mark Rolston
nm0001685,Rick Rossovich
nm0001691,Geoffrey Rush
nm0001693,Eva Marie Saint
nm0001695,George Sanders
nm0001698,John Savage
nm0001702,Roy Scheider
nm0001703,Maximilian Schell
nm0001715,George C Scott
nm0001722,Rufus Sewell
nm0001725,Omar Sharif
nm0001727,Robert Shaw
nm0001728,Wallace Shawn
nm0001732,Cybill Shepherd
nm0001735,Talia Shire
nm0001744,Tom Sizemore
nm0001745,Stellan SkarsgÃ¥rd
nm0001765,Harry Dean Stanton
nm0001766,Barbara Stanwyck
nm0001768,Rod Steiger
nm0001772,Patrick Stewart
nm0001780,Peter Stormare
nm0001804,Stanley Tucci
nm0001812,Lee Van Cleef
nm0001815,Jim Varney
nm0001817,Reginald VelJohnson
nm0001825,Andrew Kevin Walker
nm0001826,M Emmet Walsh
nm0001827,Ray Walston
nm0001835,Carl Weathers
nm0001839,Tuesday Weld
nm0001845,Forest Whitaker
nm0001847,Richard Widmark
nm0001850,Billy Dee Williams
nm0001852,Treat Williams
nm0001855,Tom Wilson
nm0001884,Max von Sydow
nm0001943,Marisa Berenson
nm0001961,Ray Bolger
nm0001971,Ewen Bremner
nm0001976,Horst Buchholz
nm0001991,Leo G Carroll
nm0001993,Vincent Cassel
nm0001998,Cyd Charisse
nm0002011,Lee J Cobb
nm0002034,Jane Darwell
nm0002056,Christine Ebersole
nm0002063,Leif Erickson
nm0002075,Peter Finch
nm0002076,Jason Flemyng
nm0002077,Dexter Fletcher
nm0002078,Frederic Forrest
nm0002081,Edward Fox
nm0002091,Michael Gambon
nm0002103,Julian Glover
nm0002104,Paulette Goddard
nm0002113,Sydney Greenstreet
nm0002118,Alan Hale
nm0002121,Margaret Hamilton
nm0002126,Dorian Harewood
nm0002128,Tess Harper
nm0002134,Paul Henreid
nm0002141,Celeste Holm
nm0002145,Trevor Howard
nm0002154,Alfred Abel
nm0002231,Gian Maria Volonte
nm0002233,Erich von Stroheim
nm0002285,Pat OBrien
nm0002369,John Williams
nm0002546,Mena Suvari
nm0002663,Diane Ladd
nm0002869,Mario Gallo
nm0003248,Fritz Rasp
nm0003424,Hank Mann
nm0003817,Michael Clarke Duncan
nm0004266,Anne Hathaway
nm0004423,Gerry Robert Byrne
nm0004486,Bruno Ganz
nm0004517,Jason Alexander
nm0004626,Kareena Kapoor
nm0004650,Marisa Paredes
nm0004742,Maria Bello
nm0004743,Gil Bellows
nm0004747,Wes Bentley
nm0004778,Adrien Brody
nm0004802,Linda Cardellini
nm0004874,Vin Diesel
nm0004920,Frances Fisher
nm0004937,Jamie Foxx
nm0004951,Brad Garrett
nm0004965,Adam Goldberg
nm0005017,Katie Holmes
nm0005023,Djimon Hounsou
nm0005024,Terrence Howard
nm0005049,Allison Janney
nm0005052,Michael Jeter
nm0005068,Vinnie Jones
nm0005132,Heath Ledger
nm0005134,Jason Lee
nm0005148,Delroy Lindo
nm0005154,Lucy Liu
nm0005162,Robert Loggia
nm0005171,Angus Macfadyen
nm0005172,Norm MacDonald
nm0005212,Ian McKellen
nm0005251,Carrie Anne Moss
nm0005266,Craig T Nelson
nm0005278,Jerry OConnell
nm0005286,Haley Joel Osment
nm0005305,Piper Perabo
nm0005331,Francesco Quinn
nm0005346,Tara Reid
nm0005377,Sam Rockwell
nm0005403,Jason Schwartzman
nm0005458,Jason Statham
nm0005476,Hilary Swank
nm0005499,Lily Tomlin
nm0005513,Alanna Ubach
nm0005531,Donnie Wahlberg
nm0005541,Marlon Wayans
nm0005994,Hoagy Carmichael
nm0006471,Elsa Lanchester
nm0006669,William Sadler
nm0007210,Saul Rubinek
nm0007958,Diahnne Abbott
nm0008609,Johnny Aber
nm0010736,Amy Adams
nm0011741,Wesley Addy
nm0011744,Ade
nm0012524,Frank Adu
nm0019996,Patrick Allen
nm0021600,Bruce Allpress
nm0022821,Elena Altieri
nm0023832,Mathieu Amalric
nm0027323,Richard Anderson
nm0028625,David Andrews
nm0029962,Alex Angulo
nm0031398,Lou Antonio
nm0031509,Vittorio Antonucci
nm0032216,Peter Appel
nm0032370,Noel Appleby
nm0034305,Lee Arenberg
nm0034519,Victor Argo
nm0036427,Edward Arnold
nm0037118,Richmond Arquette
nm0037625,Antonin Artaud
nm0039625,Chuck Aspegren
nm0040012,Ali Astin
nm0040472,William Atherton
nm0041066,Antonella Attili
nm0041172,Lionel Atwill
nm0041756,Patrick Auffay
nm0042317,Albert Austin
nm0042805,Erick Avari
nm0044073,Lubna Azabal
nm0045324,John Bach
nm0046564,Ross Bagdasarian
nm0046575,Vladas Bagdonas
nm0047450,Raymond Bailey
nm0047800,Beulah Bains
nm0047962,Chieko Baisho
nm0048652,Kenny Baker
nm0048798,Nellie Bly Baker
nm0051509,Eric Bana
nm0051846,Runki Banerjee
nm0052333,Kanu Bannerjee
nm0052334,Karuna Bannerjee
nm0052343,Subir Banerjee
nm0056477,Byron Barr
nm0059431,Jay Baruchel
nm0060988,Michael Bates
nm0061262,Bryan Batt
nm0061639,Vanessa Bauche
nm0061830,Hans-Uwe Bauer
nm0063027,Terence Bayler
nm0064235,Robert Beatty
nm0065307,William Beck
nm0065874,Andy Beckwith
nm0066166,Alfonso Bedoya
nm0069934,Mohamed Ben Kassen
nm0071059,Hubertus Bengsch
nm0071636,Bruce Bennett
nm0074788,Henry Bergman
nm0075321,Christian Berkel
nm0075551,Andre Berley
nm0077720,Michael Berryman
nm0079273,Paul Bettany
nm0082979,Sergio Bini Bustric
nm0083081,Edward Binns
nm0084430,Erwin Biswanger
nm0084761,Bjorn Bjelfvenstam
nm0085038,Gunnar Bjornstrand
nm0085400,Lewis Black
nm0089112,Willi One Blood
nm0089162,Frederick Vroom
nm0089217,Orlando Bloom
nm0090008,Stanley Blystone
nm0091286,Earl Boen
nm0094135,Beulah Bondi
nm0095029,Lawrence A Bonney
nm0095478,Mark Boone Junior
nm0095665,Connie Booth
nm0098734,Sam Bottoms
nm0100758,Dorris Bowdon
nm0107281,Eileen Brennan
nm0107795,Felix Bressart
nm0108436,Dominique Briand
nm0108703,Sean Bridgers
nm0110063,Leo Britt
nm0110480,Peter Brocco
nm0111954,Dean R Brooks
nm0112207,Randy Brooks
nm0112390,Anthony Brophy
nm0113000,Alonzo Brown
nm0113873,Joe E Brown
nm0115558,Nigel Bruce
nm0115690,Karl Bruckschwaiger
nm0115760,Amanda Brugel
nm0117412,Hugh Keays Byrne
nm0117709,Daniel Bruhl
nm0119988,Peter Bull
nm0121386,Arthur Burghardt
nm0122653,Edward Burns
nm0123785,Ben Burtt
nm0124930,Gerard Butler
nm0125730,Mikhail Bychkov
nm0126260,PJ Byrne
nm0129295,Niketa Calame Harris
nm0129464,David Calder
nm0131781,Jaime Camil
nm0131966,Bill Camp
nm0134073,Enzo Cannavale
nm0134201,JD Cannon
nm0134493,Giorgio Cantarini
nm0136794,Lianella Carell
nm0139642,Charmian Carr
nm0141953,TK Carter
nm0144307,John Cassini
nm0144710,Richard S. Castellano
nm0147070,Glen Cavender
nm0151419,Kyle Chandler
nm0153738,Daveigh Chase
nm0156039,Virginia Cherrill
nm0156928,Minoru Chiaki
nm0157058,Giulio Chiari
nm0158856,Choi Minsik
nm0159059,Marcus Chong
nm0160550,Dennis Christopher
nm0163939,Fred Clark
nm0165049,Warren Clarke
nm0165101,Patricia Clarkson
nm0166359,David Clennon
nm0166979,John Clive
nm0167243,Vera Clouzot
nm0167388,Francois Cluzet
nm0170225,Nicholas Colasanto
nm0172615,Ray Collins
nm0173125,Miriam Colon
nm0173827,Dorothy Comingore
nm0174403,Kerry Condon
nm0174682,Chester Conklin
nm0175068,Erwin Connelly
nm0175075,Jane Connelly
nm0175369,Walter Connolly
nm0175814,Frances Conroy
nm0179289,Ellen Corby
nm0179819,Wendell Corey
nm0180920,Adrienne Corri
nm0181425,Jesse Corti
nm0182839,Marion Cotillard
nm0184309,Daniel Couturier
nm0186440,Ward Crane
nm0186677,Lorella Cravotta
nm0187199,Don Creech
nm0187724,Wendy Crewson
nm0188949,Alison Crosbie
nm0191442,Brett Cullen
nm0191906,Jim Cummings
nm0191950,Robert Cummings
nm0195421,Brian dArcy James
nm0195956,Jean dYd
nm0199774,Isa Danieli
nm0199787,Henry Daniell
nm0200452,Paul Dano
nm0201700,Tony Darrow
nm0201857,Ricardo Dari­n
nm0201871,Uma Das Gupta
nm0202603,Jack Davenport
nm0202966,Keith David
nm0203076,Thayer David
nm0204639,George Davis
nm0205626,Viola Davis
nm0206060,Anthony Dawson
nm0213354,Jamel Debbouze
nm0213948,Guy Decomble
nm0216507,Brian Delate
nm0219301,Tony Denman
nm0219666,Reginald Denny
nm0222074,Ernst Deutsch
nm0222447,Chunibala Devi
nm0222480,Reba Devi
nm0223499,Ayesha Dharker
nm0224007,John DiMaggio
nm0225332,Kim Dickens
nm0226813,Garret Dillahunt
nm0229943,Vernon Dobtcheff
nm0232019,James Donald
nm0233145,Alison Doody
nm0234541,Roy Dotrice
nm0236519,Brian Doyle Murray
nm0237838,Julie Dreyfus
nm0238105,Robert Drivas
nm0239221,Desmond Dube
nm0240268,Carl Duering
nm0242656,Kevin Dunn
nm0243842,Giustino Durano
nm0246004,Richard Dysart
nm0246386,Melissa Desormeaux Poulin
nm0248408,Emilio Echevarria
nm0248600,Andrea Eckert
nm0249291,Joel Edgerton
nm0252230,Chiwetel Ejiofor
nm0252345,Bengt Ekerot
nm0252678,Fusia El Kader
nm0254402,Chris Elliott
nm0255573,Michael Elphick
nm0262635,Chris Evans
nm0262745,Estelle Evans
nm0263393,Judith Evelyn
nm0263591,Rex Everhart
nm0266029,Maria Falconetti
nm0267650,Jim Farley
nm0267812,Vera Farmiga
nm0268488,Amir Farrokh Hashemian
nm0269419,Pierfrancesco Favino
nm0269463,Jon Favreau
nm0269709,Frank Faylen
nm0270383,Russ Fega
nm0272224,Heino Ferch
nm0272401,Craig Ferguson
nm0274684,Martin Ferrero
nm0275213,Gabriele Ferzetti
nm0275835,John Fiedler
nm0277975,Frank Finlay
nm0280961,Georges Flamant
nm0287825,Gloria Foster
nm0288830,Douglas Fowley
nm0288976,Emilia Fox
nm0289080,Jorja Fox
nm0293455,Jonathan Freeman
nm0293550,Paul Freeman
nm0297054,Gustav Frohlich
nm0297578,Patrick Fugit
nm0297869,Kamatari Fujiwara
nm0305087,Al Ernest Garcia
nm0305558,Gael Garci­a Bernal
nm0306786,Reginald Gardiner
nm0307531,Jeff Garlin
nm0308882,Lorraine Gary
nm0309107,Tatsuya Gashuin
nm0309693,Mark Gatiss
nm0309945,Maxim Gaudette
nm0311343,Malgorzata Gebel
nm0311476,Martina Gedeck
nm0313882,Marita Geraghty
nm0315760,Abdel Ahmed Ghili
nm0316701,Mary Gibbs
nm0317725,Ariadna Gil
nm0317970,Billy Gilbert
nm0318676,Inga Gill
nm0320721,Remy Girard
nm0321294,Aldo Giuffre
nm0322339,Paul Gleason
nm0323479,Friedrich Gnab
nm0324658,Walton Goggins
nm0325989,Renee Elise Goldsberry
nm0328751,Caroline Goodall
nm0330438,Matt Gordon
nm0330687,Joseph Gordon Levitt
nm0331906,Gilbert Gottfried
nm0331956,Carl Gottlieb
nm0332221,Lloyd Gough
nm0332390,Harold Gould
nm0334318,Stephen Graham
nm0334882,Dario Grandinetti
nm0335788,Charley Grapewin
nm0340260,Zach Grenier
nm0341518,Hugh Griffith
nm0342029,Frank Grillo
nm0342488,Rupert Grint
nm0344963,Herbert Gronemeyer
nm0345073,Gustaf Grundgens
nm0346270,Alvaro Guerrero
nm0347842,Leo Gullotta
nm0348409,Bob Gunton
nm0350453,Jake Gyllenhaal
nm0350454,Maggie Gyllenhaal
nm0352778,Bill Hader
nm0352835,Brahim Hadjadj
nm0353405,Jean Hagen
nm0354913,Georgia Hale
nm0354916,Grace Hayle
nm0355083,Brian Haley
nm0355095,Jack Haley
nm0355278,Albert Hall
nm0356004,Porter Hall
nm0356017,Rebecca Hall
nm0357864,Gay Hamilton
nm0358069,Murray Hamilton
nm0358316,Jon Hamm
nm0360796,Gale Hansen
nm0361458,Maud Hansson
nm0361697,Setsuko Hara
nm0361823,Haya Harareet
nm0362766,Tom Hardy
nm0362896,Corinna Harfouch
nm0368049,Ichiro Nakatani
nm0368482,Anne Louise Hassing
nm0368689,Leila Hatami
nm0368990,Rohini Hattangadi
nm0370144,Jack Hawkins
nm0370564,Sessue Hayakawa
nm0370821,Richard Haydn
nm0372217,Anthony Heald
nm0372742,Jean Heather
nm0375609,Brigitte Helm
nm0375738,Tom Helmore
nm0377416,Pat Henning
nm0380073,Maximiliano Hernandez
nm0380248,Nye Heron
nm0381041,Harold G Herthum
nm0383022,Noriko Hidaka
nm0383091,Bokuzen Hidari
nm0383261,Chieko Higashiyama
nm0383708,Rumi Hiiragi
nm0384908,Wendy Hiller
nm0384916,John Hillerman
nm0385443,Shinichi Himori
nm0386472,Emile Hirsch
nm0390516,Hope Holiday
nm0392529,Tim Holt
nm0393222,James Hong
nm0393352,Noriko Honma
nm0394054,William Hope
nm0395012,Geoffrey Horne
nm0396558,Nicholas Hoult
nm0397102,Alan Howard
nm0397124,Arliss Howard
nm0397171,Bryce Dallas Howard
nm0397441,Kevyn Major Howard
nm0398446,Arthur Hoyt
nm0399663,David Huddleston
nm0400625,Geraldine Hughes
nm0402011,Michael Conner Humphreys
nm0402032,Barry Humphries
nm0404158,Walter Huston
nm0404360,Josephine Hutchinson
nm0405977,Paul Horbiger
nm0406157,Humeyra
nm0407030,Hisashi Igawa
nm0410659,Mitsunori Isaki
nm0410942,Yuriko Ishida
nm0410968,Akira Ishihama
nm0411146,Kenjiro Ishiyama
nm0411790,Shigesato Itoi
nm0412615,Shima Iwashita
nm0413168,Hugh Jackman
nm0415412,Nafise Jafar Mohammadi
nm0424060,Scarlett Johansson
nm0427964,Doug Jones
nm0428086,Freddie Jones
nm0428216,Henry Jones
nm0428923,Nathan Jones
nm0429069,Rashida Jones
nm0430817,Sharman Joshi
nm0434444,Hakeem Kae Kazim
nm0434593,Kyoko Kagawa
nm0437520,Nobuo Kaneko
nm0439850,Roscoe Karns
nm0440913,Mathieu Kassovitz
nm0441961,Daisuke Kato
nm0442951,Seizaburo Kawazu
nm0443811,Marie Kean
nm0444172,Joe Keaton
nm0449197,Samia Kerbash
nm0450810,Evelyn Keyes
nm0450961,Tony Kgoroge
nm0451148,Aamir Khan
nm0452128,Guy Kibbee
nm0454087,Isao Kimura
nm0454120,Takuya Kimura
nm0454236,Richard Kind
nm0454247,Jullan Kindahl
nm0454418,Alan King
nm0457498,Tanie Kitabayashi
nm0459030,Rudolf Klein Rogge
nm0459087,Volkmar Kleinert
nm0461136,Keira Knightley
nm0462407,Sebastian Koch
nm0468003,Hubert KoundÃ©
nm0469552,Jeffrey Kramer
nm0470385,Aleksey Kravchenko
nm0470981,Thomas Kretschmann
nm0472234,Margaretha Krook
nm0472756,Mara Krupp
nm0472816,Jack Kruschen
nm0473228,Hardy Kruger
nm0476040,Marcia Jean Kurtz
nm0476334,Fikret Kuskan
nm0476378,Dylan Kussman
nm0477553,Machiko Kyo
nm0477810,Juliane Kohler
nm0479951,Ronald Lacey
nm0481618,Bert Lahr
nm0484737,Inge Landgut
nm0484829,Jessie Royce Landis
nm0487884,Alexandra Maria Lara
nm0488306,Linda Larkin
nm0488917,Thomas Bo Larsen
nm0488953,Brie Larson
nm0489837,Louise Lasser
nm0490708,Liubomiras Laucevicius
nm0491259,Melanie Laurent
nm0492566,Sean Lawlor
nm0494504,Anne Le Ny
nm0496441,Erwin Leder
nm0501435,Kasi Lemmons
nm0502425,Melissa Leo
nm0502813,Marco Leonardi
nm0504832,Tracy Letts
nm0507081,David Lewis
nm0512502,Jorgen Lindstrom
nm0513520,Maureen Lipman
nm0515950,Danny Lloyd
nm0516972,Gary Lockwood
nm0519765,Theodor Loos
nm0520164,Perry Lopez
nm0520660,Viktors Lorencs
nm0521861,Dominique Louis
nm0522503,Laura Lovelace
nm0524197,Josh Lucas
nm0525793,Folco Lulli
nm0529543,Jean Pierre Leaud
nm0530365,Sergi Lopez
nm0531808,Kelly Macdonald
nm0532290,Jack MacGowran
nm0533045,Marion Mack
nm0533599,Steven Mackintosh
nm0533692,Barton MacLane
nm0534045,Fred MacMurray
nm0534317,George Macready
nm0534856,Madhavan
nm0535861,Patrick Magee
nm0535991,Pupella Maggio
nm0536009,Lamberto Maggiorani
nm0536574,George Maguire
nm0538259,Rachel Majorowski
nm0540441,Jena Malone
nm0542278,Erni Mangold
nm0545298,Fredric March
nm0546017,Nick Marcq
nm0549280,Hugh Marlowe
nm0550855,EG Marshall
nm0552483,Jean Martin
nm0555404,Maria Marull
nm0555483,Yuko Maruyama
nm0557956,Richard Masur
nm0559444,Yoji Matsuda
nm0559890,Ulrich Matthes
nm0561158,Claire Maurier
nm0562679,Peter Mayhew
nm0562920,Virginia Mayo
nm0565494,Colleen McCauley
nm0566013,Marc McClure
nm0568672,Davenia McFadden
nm0570230,Kathryn McGuire
nm0570615,John McIntire
nm0571727,Kevin McKidd
nm0576127,Ralph Meeker
nm0576345,John Megna
nm0579663,Adolphe Menjou
nm0579991,Heather Menzies Urich
nm0580351,Stephen Merchant
nm0580565,Burgess Meredith
nm0580924,S Epatha Merkerson
nm0581014,Serge Merlin
nm0581282,Gary Merrill
nm0585906,John Mighton
nm0586227,Tatsuya Mihashi
nm0586568,Mads Mikkelsen
nm0587256,Vera Miles
nm0588033,Carl Miller
nm0588553,Jason Miller
nm0592135,Lin Manuel Miranda
nm0592395,Kamal Mirkarimi
nm0592500,Olga Mironova
nm0592756,Masao Mishima
nm0593612,Millard Mitchell
nm0593775,Thomas Mitchell
nm0594271,Akihiro Miwa
nm0594381,Kuniko Miyake
nm0594523,Yoshiko Miyazaki
nm0597042,Clotilde Mollet
nm0597384,Joseph Momo
nm0598971,Yves Montand
nm0600668,Moon Sori
nm0602941,Nick Moran
nm0603682,Andre Morell
nm0603916,Dario Moreno
nm0604656,Frank Morgan
nm0605080,Trevor Morgan
nm0605270,Masayuki Mori
nm0606998,Wayne Morris
nm0607185,Jennifer Morrison
nm0607865,Emily Mortimer
nm0608012,Joe Morton
nm0609477,Bess Motta
nm0611889,Chris Mulkey
nm0611932,Peter Mullan
nm0613364,Maksim Munzuk
nm0614165,Cillian Murphy
nm0614677,Rosemary Murphy
nm0615306,Tom Murray
nm0616729,Harry Myers
nm0618057,Ulrich Muhe
nm0618690,Matheus Nachtergaele
nm0619822,Takashi Naito
nm0619870,Mohammad Amir Naji
nm0619938,Tatsuya Nakadai
nm0622412,Mari Natsuki
nm0625167,Barry Nelson
nm0625729,Sandy Nelson
nm0628599,Teddy Newton
nm0628704,Jinpachi Nezu
nm0634159,Philippe Noiret
nm0639928,Brian F OByrne
nm0640307,Donald OConnor
nm0640732,Cathy ODonnell
nm0641314,Paige OHara
nm0641939,Ryan ONeal
nm0641966,Barbara ONeil
nm0642988,Jack Oakie
nm0643000,Simon Oakland
nm0643211,Philip Ober
nm0643887,Miki Odagiri
nm0645683,Sophie Okonedo
nm0647970,Nancy Olson
nm0652663,Patton Oswalt
nm0653942,Frank Overton
nm0655053,Sergio Pablos
nm0657597,Ugo Paletti
nm0657874,Eugene Pallette
nm0662223,Eleanor Parker
nm0663174,Charles Parnell
nm0665708,Angela Paton
nm0667416,Rodolphe Pauly
nm0669254,Daniel Zacapa
nm0669629,Bob Peck
nm0671721,Austin Pendleton
nm0675490,Nehemiah Persoff
nm0676349,Brock Peters
nm0677037,Bob Peterson
nm0677654,Enzo Petito
nm0680983,Elliot Page
nm0682300,Bradley Pierce
nm0683116,Tim Pigott Smith
nm0683253,Rosamund Pike
nm0685559,Luigi Pistilli
nm0687189,Suzanne Pleshette
nm0688132,Amy Poehler
nm0690691,Erich Ponto
nm0691555,Nils Poppe
nm0694631,Tom Powers
nm0695177,Prakash Raj
nm0696193,Harve Presnell
nm0701012,Edna Purviance
nm0702270,Marco Perez
nm0702541,Hanno Poschl
nm0702841,Ke Huy Quan
nm0703033,Anthony Quayle
nm0704859,Kazimir Rabetsky
nm0705356,Daniel Radcliffe
nm0706325,Behzad Rafi
nm0706368,George Raft
nm0706567,Pablo Rago
nm0710019,Jerome Ranft
nm0711502,Rada Rassimov
nm0711855,Gregory Ratoff
nm0712205,Heloise Rauth
nm0719637,Jeremy Renner
nm0722636,John Rhys Davies
nm0725220,Daniel Richter
nm0725543,Don Rickles
nm0725897,Stanley Ridges
nm0726900,Lucia Rijker
nm0727037,Gary Riley
nm0728812,Thelma Ritter
nm0732703,James Robinson
nm0735300,Elizabeth Rodriguez
nm0738918,Lou Romano
nm0744436,Leonard Rossiter
nm0744834,Eli Roth
nm0746583,Nicholas Rowe
nm0748239,Tex Rubinowitz
nm0749021,Kristin Rudrud
nm0749263,Mark Ruffalo
nm0749363,Rufus
nm0749456,Allelon Ruggiero
nm0750079,Sig Ruman
nm0751946,Ann Rutherford
nm0752876,Thomas Jay Ryan
nm0753479,Chishu Ryu
nm0753480,Daisuke Ryu
nm0753716,Albert RÃ©my
nm0754272,Yacef Saadi
nm0755403,Yutaka Sada
nm0755974,Jonathan Sagall
nm0757076,Chika Sakamoto
nm0757854,Theresa Saldana
nm0758364,Jorge Salinas
nm0759031,Gino Saltamerenda
nm0760778,Fatima Sana Shaikh
nm0761836,William Sanderson
nm0761866,Tiny Sandford
nm0762557,Erskine Sanford
nm0764710,Fereshte Sarabandi
nm0766005,Will Sasso
nm0766225,Kei Sato
nm0768005,Yasuko Sawaguchi
nm0776914,Maurice Schutz
nm0779549,Martha Scott
nm0780528,Douglas Seale
nm0781245,Bahare Seddiqi
nm0783072,Serif Sezer
nm0783847,Martin Semmelrogge
nm0786022,Roshan Seth
nm0789970,Sebastian Shaw
nm0793585,Sumi Shimamoto
nm0793616,Yukiko Shimazaki
nm0793766,Takashi Shimura
nm0794002,Yoshiko Shinohara
nm0794186,Ayano Shiraishi
nm0797150,Casey Siemaszko
nm0798564,Eugene Silvain
nm0799777,JK Simmons
nm0800302,Michel Simon
nm0801193,Russell Simpson
nm0801548,Jean Sincere
nm0803370,Frank Sivero
nm0803705,Victor Sjostrom
nm0805476,John Slattery
nm0807580,C Aubrey Smith
nm0807667,Charles Henry Smith
nm0809613,Phyllis Smith
nm0812307,Peter Sohn
nm0813217,Solo
nm0813272,Yuriy Solomin
nm0814280,Song Kangho
nm0815495,Arturo Soto Rangel
nm0818055,Octavia Spencer
nm0818874,Joe Spinell
nm0821041,Robert Stack
nm0821543,Enzo Staiola
nm0823435,Diego Starosta
nm0832104,Philip Stone
nm0832375,Paolo Stoppa
nm0832380,Ed Stoppard
nm0833448,Lee Strasberg
nm0834754,Woody Strode
nm0837503,Haruko Sugimura
nm0839212,Folke Sundquist
nm0839486,Ethan Suplee
nm0841501,Mack Swain
nm0841797,Gloria Swanson
nm0843102,Igor Sykhra
nm0843213,William Sylvester
nm0846480,Cary Hiroyuki Tagawa
nm0846548,Said Taghmaoui
nm0847054,Hitoshi Takagi
nm0848533,Tetsuro Tanba
nm0848534,Peter Anthony Tambakis
nm0848984,Haruo Tanaka
nm0849100,Yuko Tanaka
nm0851302,Tsutomu Tatsumi
nm0851427,Bernd Tauber
nm0851582,Audrey Tautou
nm0852466,Holland Taylor
nm0855417,Akira Terao
nm0857998,Thomas Thieme
nm0858977,Jameson Thomas
nm0862026,Ingrid Thulin
nm0862937,Lawrence Tierney
nm0864997,Stephen Tobolowsky
nm0865949,Goya Toledo
nm0867391,Eijiro Tono
nm0871287,Henry Travers
nm0875362,Yoko Tsukasa
nm0875477,Keiko Tsushima
nm0875630,William Tubbs
nm0876300,Ulrich Tukur
nm0877185,Joe Turkel
nm0879239,Margaret Tyzack
nm0879918,Kichijiro Ueda
nm0880521,Liv Ullmann
nm0885098,Alida Valli
nm0886870,Peter van Eyck
nm0886888,Jo Van Fleet
nm0889024,Charles Vanel
nm0891998,Conrad Veidt
nm0893204,Diane Venora
nm0893941,Maribel Verdu
nm0896149,Renee Victor
nm0897640,Monica Villa
nm0897845,Soledad Villamil
nm0898634,Frank Vincent
nm0904967,Luna Lauren Velez
nm0906618,Malcolm Waite
nm0908919,Eli Wallach
nm0910607,Christoph Waltz
nm0913095,Ruth Warrick
nm0913488,Kerry Washington
nm0913822,Ken Watanabe
nm0914612,Emma Watson
nm0915989,Hugo Weaving
nm0916131,Jack Webb
nm0918334,Scott Weinger
nm0919798,Frank Welker
nm0920148,Claudia Wells
nm0921044,Klaus Wennemann
nm0921532,Otto Wernicke
nm0922599,James Westerfield
nm0924154,Shea Whigham
nm0924636,Devoreaux White
nm0925418,Ruth White
nm0925713,OZ Whitehead
nm0927145,Ellen Widmann
nm0929489,Tom Wilkinson
nm0929609,Fred Willard
nm0931324,Michael Kenneth Williams
nm0931329,Michelle Williams
nm0931404,Olivia Williams
nm0931508,Rebecca Williams
nm0934902,Paul Winfield
nm0935345,Kitty Winn
nm0935653,Ray Winstone
nm0937622,Susse Wold
nm0938052,Ian Wolfe
nm0939931,Peggy Wood
nm0941316,Jaimz Woolvett
nm0941777,Sam Worthington
nm0942145,Lawrence T Wrentz
nm0942863,Teresa Wright
nm0943978,Keenan Wynn
nm0945222,Isuzu Yamada
nm0945312,Akemi Yamaguchi
nm0945522,So Yamamura
nm0949167,Yoo Ji Tae
nm0949350,Burt Young
nm0953423,Merila Zarei
nm0954076,Michal Zebrowski
nm0959022,Darrell Zwerling
nm0990547,Daniel Mays
nm0991810,Mahershala Ali
nm0997115,Miyu Irino
nm1002038,Cetin Tekindor
nm10201625,Kawsar Al Haddad
nm10201626,Cedra Izzam
nm10201627,Alaa Chouchnieh
nm1024390,Javier Godino
nm1033900,Jack Adams
nm1046097,Rachel McAdams
nm1046521,Lars Ranthe
nm10520267,Neda Margrethe Labba
nm1055413,Michael Fassbender
nm1065229,America Ferrera
nm1070961,Frank Barnes
nm1071252,Alexander Gould
nm10735745,Masayo Sakai
nm1079857,Yongnyeo Lee
nm1082477,Omar Sy
nm1109153,Audrey Fleurot
nm1126340,Ryunosuke Kamiki
nm1126657,George MacKay
nm1126978,Yo Oizumi
nm1129884,Leandro Firmino
nm1138201,Jaeho Song
nm1165110,Chris Hemsworth
nm1178560,Jonathan Haagensen
nm1179105,Alexandre Rodrigues
nm1179580,Seu Jorge
nm1179683,Douglas Silva
nm1195119,Kim Minhee
nm1195302,Louise Lemoine Torres
nm1203041,Daehan Ji
nm1208167,Diane Kruger
nm1212722,Benedict Cumberbatch
nm1221253,Dimiter D Marinov
nm1224082,Boman Irani
nm12329614,Kozo Hashida
nm12329615,Kazumi Nozaki
nm1235292,Kim Sangkyung
nm1242048,Mariane Plasteig
nm1249574,Phellipe Haagensen
nm1254515,Marcelo Frasca
nm1254805,Manolo Solo
nm1256532,Jon Bernthal
nm1276196,Vladimir Khrulyov
nm1297015,Emma Stone
nm1300254,Binnur Kaya
nm1310525,Sunkyun Lee
nm1312575,Olivia Wilde
nm1322404,Byun Hee Bong
nm1323233,Mustafa Kamel
nm1323287,Roeha Kim
nm1325300,Seohie Ko
nm1347153,Tyler Perry
nm1366028,Kim Byeong Ok
nm1367246,Kang Hyejeong
nm1367681,Dalsu Oh
nm1372922,Richard Pyros
nm1411676,Mindy Kaling
nm1419440,Ivana Baquero
nm1421814,Suriya
nm1437925,Omi Vaidya
nm1469236,Olivia Colman
nm1479650,Vipin Sharma
nm1486911,Shahab Hosseini
nm1495520,Caitri­ona Balfe
nm1501738,Ahna OReilly
nm1502434,Leslie Odom Jr
nm1506981,Bashir Salahuddin
nm1525639,Josephine de Meaux
nm1538116,Tisca Chopra
nm1542291,Christopher Carley
nm1567113,Jessica Chastain
nm1578895,Diabolo
nm1587175,Mona Singh
nm1591496,Mike Colter
nm1619626,Brian H Dierker
nm1698738,Yetkin Dikinciler
nm1706767,Jonah Hill
nm1724319,Sebastian Maniscalco
nm1754059,Natalie Dormer
nm1782299,Imogen Poots
nm1796730,Xolani Mali
nm1800416,Seungshin Lee
nm1814260,Christopher Massey
nm1818216,Payman Maadi
nm1856097,Cho Yeojeong
nm1862960,Chris Jackson
nm1886602,Miles Teller
nm1940449,Andrew Garfield
nm1954240,Teresa Palmer
nm1978402,Ha Jungwoo
nm2020015,Ege Tanman
nm2031248,Alba Gaia Bellugi
nm2105255,Sarah Roemer
nm2121541,Evanna Lynch
nm2159926,Jake Johnson
nm2195817,Samantha Mahurin
nm2264184,Elissa Knight
nm2273391,Mike Hatton
nm2368789,Zoe Kravitz
nm2395586,Christopher Mintz Plasse
nm2437361,Cho Jinwoong
nm2438307,Dileep Rao
nm2439111,Dreama Walker
nm2496074,Juri Lumiste
nm2535022,Philip King
nm2540053,Tanay Chheda
nm2552034,Melissa Benoist
nm2553988,Pip Carter
nm2554352,TJ Miller
nm2594301,Darsheel Safary
nm2655177,Caleb Landry Jones
nm2676147,Jonathan Groff
nm2794962,Hailee Steinfeld
nm2799219,Sakshi Tanwar
nm2809577,Jenny Slate
nm2835616,Dean Charles Chapman
nm2871845,Jacob Stringer
nm2872058,Matthew Braden Stringer
nm2872133,Joseph Mussey
nm2872491,Martin Stringer
nm2890541,Josh Helman
nm2896015,Lalitha Lajmi
nm2933542,Boyd Holbrook
nm2973712,Jordan Nagai
nm2976492,Aoi Yuki
nm3004685,Lucila Mangone
nm3050831,MacInTalk
nm3053338,Margot Robbie
nm3057402,Bee Vang
nm3109964,Brian Tyree Henry
nm3115704,Ahney Her
nm3154303,Timothee Chalamet
nm3222518,Sachet Engineer
nm3223622,Sandy McMaster
nm3237775,Mackenzie Foy
nm3271473,Austin Stowell
nm3303059,Tallie Medel
nm3478396,Luke Bracey
nm3513533,Stephanie Hsu
nm3559559,Rao Ramesh
nm3587916,Rudy Romano
nm3587952,Carla Quevedo
nm3588006,BÃ¡rbara Palladino
nm3692508,Mari­a Laura Caccamo
nm3797160,Taeho Ryu
nm3892241,Kim Taeri
nm3918035,Zendaya
nm4043618,Tom Holland
nm4078775,Paul Tinto
nm4271336,Shameik Moore
nm4297889,Ali Asghar Shahbazi
nm4299072,Sarina Farhadi
nm4299147,Sareh Bayat
nm4336119,Nate Lang
nm4377526,Daveed Diggs
nm4411190,Kanon Tani
nm4525883,Jang Hyejin
nm4609731,Kaitlyn Dias
nm4654982,Jason Ledford
nm4689420,Carrie Coon
nm4759838,Mone Kamishiraishi
nm4833412,Dwight Henry
nm4841645,Hussein Sami
nm4858403,Nobunaga Shimazaki
nm5016878,Jacob Tremblay
nm5038871,Annika Wedderkopp
nm5039026,Lasse Fogelstrom
nm5121393,Andy Apollo
nm5481013,Kaito Ishikawa
nm5490799,Milo Gibson
nm5623883,Phillipa Soo
nm5626435,Guru Somasundaram
nm5645519,Anthony Gonzalez
nm5681790,Jacob Warner
nm5681967,Florence Lee
nm5765775,Fadi Yousef
nm5939164,Zazie Beetz
nm6003176,Dickie Gravois
nm6019128,Alejandro Barrios
nm6079248,Choi Woosik
nm6210352,V Lastochkin
nm6210353,Stanislav Marin
nm6269780,Aparshakti Khurana
nm6476224,Sodam Park
nm6748436,Dafne Keen
nm6954008,Ryo Narita
nm7014801,Mieko Harada
nm7415871,Noah Jupe
nm7553003,Lee Jeongeun
nm7621667,Sanya Malhotra
nm7621668,Zaira Wasim
nm7621669,Suhani Bhatnagar
nm7934649,Lijo Mol Jose
nm8135195,Rajisha Vijayan
nm8188622,Jacob Batalon
nm8621196,Minchae Yoo
nm8621588,Luis Rodri­guez
nm8784422,Oliver Marks
nm8784423,Daisy Kocher
nm8904193,Manikandan K
nm9862858,Zain Al Rafeea
nm9862859,Yordanos Shiferaw
nm9862860,Boluwatife Treasure Bankole
